"","firstName","lastName","raceEthnicity","fullName"
"1","Tom","Hardy","B_NL","Tom Hardy"
"2","Ken","Watanabe","A","Ken Watanabe"
"3","Dileep","Rao","A","Dileep Rao"
"4","Cillian","Murphy","B_NL","Cillian Murphy"
"5","Tom","Berenger","W_NL","Tom Berenger"
"6","Marion","Cotillard","W_NL","Marion Cotillard"
"7","Pete","Postlethwaite","W_NL","Pete Postlethwaite"
"8","Michael","Caine","W_NL","Michael Caine"
"9","Lukas","Haas","W_NL","Lukas Haas"
"10","Tai-Li","Lee","A","Tai-Li Lee"
"11","Claire","Geare","B_NL","Claire Geare"
"12","Magnus","Nolan","W_NL","Magnus Nolan"
"13","Taylor","Geare","W_NL","Taylor Geare"
"14","Johnathan","","W_NL","Johnathan"
"15","Tohoru","Masamune","A","Tohoru Masamune"
"16","Yuji","Okumoto","A","Yuji Okumoto"
"17","Earl","Cameron","B_NL","Earl Cameron"
"18","Ryan","Hayward","W_NL","Ryan Hayward"
"19","Miranda","Nolan","W_NL","Miranda Nolan"
"20","Russ","Fega","W_NL","Russ Fega"
"21","Tim","Kelleher","W_NL","Tim Kelleher"
"22","Talulah","Riley","B_NL","Talulah Riley"
"23","Nicolas","Cleric","W_NL","Nicolas Cleric"
"24","Coralie","Dedykere","B_NL","Coralie Dedykere"
"25","Silvie","Laguna","HL","Silvie Laguna"
"26","Virgile","Bramly","W_NL","Virgile Bramly"
"27","Jean-Michel","Dagory","B_NL","Jean-Michel Dagory"
"28","Helena","Cullinan","W_NL","Helena Cullinan"
"29","Mark","Fleischmann","W_NL","Mark Fleischmann"
"30","Shelly","Lang","A","Shelly Lang"
"31","Adam","Cole","W_NL","Adam Cole"
"32","Kraig","Thornber","W_NL","Kraig Thornber"
"33","Jack","Murry","B_NL","Jack Murry"
"34","Angela","Nathenson","B_NL","Angela Nathenson"
"35","Natasha","Beaumont","B_NL","Natasha Beaumont"
"36","Marc","Raducci","W_NL","Marc Raducci"
"37","Carl","Gilliard","B_NL","Carl Gilliard"
"38","Jill","Maddrell","W_NL","Jill Maddrell"
"39","Alex","Lombard","W_NL","Alex Lombard"
"40","Nichole","Pulliam","B_NL","Nichole Pulliam"
"41","Peter","Basham","W_NL","Peter Basham"
"42","Michael","Gaston","B_NL","Michael Gaston"
"43","Felix","Scott","B_NL","Felix Scott"
"44","Andrew","Pleavin","W_NL","Andrew Pleavin"
"45","Lisa","Reynolds","W_NL","Lisa Reynolds"
"46","Jason","Tendell","W_NL","Jason Tendell"
"47","Jack","Gilroy","W_NL","Jack Gilroy"
"48","Shannon","Welles","W_NL","Shannon Welles"
"49","Clark","Gregg","W_NL","Clark Gregg"
"50","Cobie","Smulders","W_NL","Cobie Smulders"
"51","Jenny","Agutter","HL","Jenny Agutter"
"52","Jerzy","Skolimowski","W_NL","Jerzy Skolimowski"
"53","Stellan","Skarsgård","W_NL","Stellan Skarsgård"
"54","Gwyneth","Paltrow","W_NL","Gwyneth Paltrow"
"55","Paul","Bettany","W_NL","Paul Bettany"
"56","Alexis","Denisof","W_NL","Alexis Denisof"
"57","Tina","Benko","W_NL","Tina Benko"
"58","Kirill","Nikiforov","W_NL","Kirill Nikiforov"
"59","Jeff","Wolfe","W_NL","Jeff Wolfe"
"60","M'Laah","Singh","A","M'Laah Singh"
"61","Rashmi","Rustagi","A","Rashmi Rustagi"
"62","Powers","Boothe","B_NL","Powers Boothe"
"63","Donald","Li","A","Donald Li"
"64","Warren","Kole","W_NL","Warren Kole"
"65","Alicia","Sixtos","HL","Alicia Sixtos"
"66","Jesse","Garcia","HL","Jesse Garcia"
"67","Maximiliano","Hernández","HL","Maximiliano Hernández"
"68","Dieter","Riesle","W_NL","Dieter Riesle"
"69","Kenneth","Tigar","W_NL","Kenneth Tigar"
"70","Walter","Perez","HL","Walter Perez"
"71","Harry","Dean Stanton","W_NL","Harry Dean Stanton"
"72","Josh","Cowdery","W_NL","Josh Cowdery"
"73","Ashley","Johnson","B_NL","Ashley Johnson"
"74","Katsumi","Komatsu","A","Katsumi Komatsu"
"75","Yumiko","Komatsu","A","Yumiko Komatsu"
"76","Momoko","Komatsu","A","Momoko Komatsu"
"77","Robert","Clohessy","W_NL","Robert Clohessy"
"78","Enver","Gjokaj","W_NL","Enver Gjokaj"
"79","Fernanda","Toker","W_NL","Fernanda Toker"
"80","Andrea","Vecchio","HL","Andrea Vecchio"
"81","Robin","Swoboda","W_NL","Robin Swoboda"
"82","Brent","McGee","B_NL","Brent McGee"
"83","Jamie","McShane","B_NL","Jamie McShane"
"84","Michael","Zhang","A","Michael Zhang"
"85","William","Christopher Stevens","W_NL","William Christopher Stevens"
"86","Kelley","Robins Hicks","B_NL","Kelley Robins Hicks"
"87","Romy","Rosemont","W_NL","Romy Rosemont"
"88","James","Eckhouse","W_NL","James Eckhouse"
"89","Damion","Poitier","B_NL","Damion Poitier"
"90","Judi","Dench","W_NL","Judi Dench"
"91","Naomie","Harris","B_NL","Naomie Harris"
"92","Albert","Finney","B_NL","Albert Finney"
"93","Ralph","Fiennes","W_NL","Ralph Fiennes"
"94","Berenice","Marlohe","B_NL","Berenice Marlohe"
"95","Ben","Whishaw","B_NL","Ben Whishaw"
"96","Rory","Kinnear","W_NL","Rory Kinnear"
"97","Ola","Rapace","B_NL","Ola Rapace"
"98","Josh","Hutcherson","W_NL","Josh Hutcherson"
"99","Liam","Hemsworth","W_NL","Liam Hemsworth"
"100","Woody","Harrelson","W_NL","Woody Harrelson"
"101","Elizabeth","Banks","B_NL","Elizabeth Banks"
"102","Julianne","Moore","B_NL","Julianne Moore"
"103","Philip","Seymour Hoffman","W_NL","Philip Seymour Hoffman"
"104","Jeffrey","Wright","B_NL","Jeffrey Wright"
"105","Stanley","Tucci","W_NL","Stanley Tucci"
"106","Donald","Sutherland","W_NL","Donald Sutherland"
"107","Willow","Shields","B_NL","Willow Shields"
"108","Sam","Claflin","W_NL","Sam Claflin"
"109","Mahershala","Ali","A","Mahershala Ali"
"110","Jena","Malone","B_NL","Jena Malone"
"111","Paula","Malcomson","W_NL","Paula Malcomson"
"112","Natalie","Dormer","W_NL","Natalie Dormer"
"113","Evan","Ross","W_NL","Evan Ross"
"114","Elden","Henson","W_NL","Elden Henson"
"115","Wes","Chatham","W_NL","Wes Chatham"
"116","Sarita","Choudhury","A","Sarita Choudhury"
"117","Stef","Dawson","W_NL","Stef Dawson"
"118","Patina","Miller","W_NL","Patina Miller"
"119","Robert","Knepper","W_NL","Robert Knepper"
"120","Caitlin","Fowler","W_NL","Caitlin Fowler"
"121","Jada","Taylor","B_NL","Jada Taylor"
"122","Nicholas","Pryor","B_NL","Nicholas Pryor"
"123","Donna","Biscoe","W_NL","Donna Biscoe"
"124","Michael","Garza","HL","Michael Garza"
"125","Erika","Bierman","W_NL","Erika Bierman"
"126","Jenique","Bennett","B_NL","Jenique Bennett"
"127","Rus","Blackwell","B_NL","Rus Blackwell"
"128","Stevie","Ray Dallimore","B_NL","Stevie Ray Dallimore"
"129","Breann","Couch","W_NL","Breann Couch"
"130","Jordan","Woods-Robinson","W_NL","Jordan Woods-Robinson"
"131","Katie","Sawhill","W_NL","Katie Sawhill"
"132","Jackson","Mizell","B_NL","Jackson Mizell"
"133","Charles","Kronmuller","W_NL","Charles Kronmuller"
"134","Lee","Pace","W_NL","Lee Pace"
"135","Michael","Rooker","W_NL","Michael Rooker"
"136","Karen","Gillan","W_NL","Karen Gillan"
"137","Djimon","Hounsou","B_NL","Djimon Hounsou"
"138","John","C. Reilly","W_NL","John C. Reilly"
"139","Glenn","Close","W_NL","Glenn Close"
"140","Benicio","del Toro","HL","Benicio del Toro"
"141","Laura","Haddock","W_NL","Laura Haddock"
"142","Sean","Gunn","W_NL","Sean Gunn"
"143","Peter","Serafinowicz","W_NL","Peter Serafinowicz"
"144","Christopher","Fairbank","W_NL","Christopher Fairbank"
"145","Krystian","Godlewski","W_NL","Krystian Godlewski"
"146","Wyatt","Oleff","W_NL","Wyatt Oleff"
"147","Gregg","Henry","W_NL","Gregg Henry"
"148","Janis","Ahern","W_NL","Janis Ahern"
"149","Solomon","Mousley","B_NL","Solomon Mousley"
"150","Lindsay","Morton","W_NL","Lindsay Morton"
"151","Robert","Firth","W_NL","Robert Firth"
"152","Melia","Kreiling","W_NL","Melia Kreiling"
"153","Tom","Proctor","W_NL","Tom Proctor"
"154","Nick","Holmes","B_NL","Nick Holmes"
"155","Max","Wrottesley","W_NL","Max Wrottesley"
"156","Nicole","Alexandria Shipley","W_NL","Nicole Alexandria Shipley"
"157","Sharif","Atkins","B_NL","Sharif Atkins"
"158","Brendan","Fehr","W_NL","Brendan Fehr"
"159","Tomas","Arana","HL","Tomas Arana"
"160","Mikaela","Hoover","W_NL","Mikaela Hoover"
"161","Emmett","J. Scanlan","W_NL","Emmett J. Scanlan"
"162","Dominic","Grant","B_NL","Dominic Grant"
"163","Spencer","Wilding","W_NL","Spencer Wilding"
"164","Alison","Lintott","W_NL","Alison Lintott"
"165","Alexis","Rodney","B_NL","Alexis Rodney"
"166","Nathan","Fillion","W_NL","Nathan Fillion"
"167","Keeley","Forsyth","W_NL","Keeley Forsyth"
"168","Frank","Gilhooley","W_NL","Frank Gilhooley"
"169","Enzo","Cilenti","W_NL","Enzo Cilenti"
"170","Richard","Katz","W_NL","Richard Katz"
"171","Enoch","Frost","B_NL","Enoch Frost"
"172","Ronan","Summers","W_NL","Ronan Summers"
"173","Ophelia","Lovibond","B_NL","Ophelia Lovibond"
"174","Laura","Ortiz","HL","Laura Ortiz"
"175","Marama","Corlett","B_NL","Marama Corlett"
"176","Rosie","Jones","B_NL","Rosie Jones"
"177","Abidemi","Sobande","B_NL","Abidemi Sobande"
"178","Alex","Rose","B_NL","Alex Rose"
"179","Ekaterina","Zalitko","W_NL","Ekaterina Zalitko"
"180","Emily","Redding","W_NL","Emily Redding"
"181","Fred","Fred","B_NL","Fred Fred"
"182","Stephen","Blackehart","W_NL","Stephen Blackehart"
"183","Jennifer","Moylan-Taylor","W_NL","Jennifer Moylan-Taylor"
"184","Bruce","MacKinnon","W_NL","Bruce MacKinnon"
"185","Ralph","Ineson","W_NL","Ralph Ineson"
"186","Rob","Zombie","W_NL","Rob Zombie"
"187","Naomi","Ryan","W_NL","Naomi Ryan"
"188","John","Brotherton","W_NL","John Brotherton"
"189","Graham","Shiels","W_NL","Graham Shiels"
"190","James","Gunn","W_NL","James Gunn"
"191","Douglas","Robson","W_NL","Douglas Robson"
"192","Rachel","Cullen","W_NL","Rachel Cullen"
"193","Isabella","Poynton","W_NL","Isabella Poynton"
"194","Imogen","Poynton","W_NL","Imogen Poynton"
"195","David","Yarovesky","W_NL","David Yarovesky"
"196","Miriam","Lucia","HL","Miriam Lucia"
"197","Ian","McKellen","W_NL","Ian McKellen"
"198","Richard","Armitage","W_NL","Richard Armitage"
"199","Evangeline","Lilly","B_NL","Evangeline Lilly"
"200","Luke","Evans","W_NL","Luke Evans"
"201","Benedict","Cumberbatch","B_NL","Benedict Cumberbatch"
"202","Ken","Stott","W_NL","Ken Stott"
"203","James","Nesbitt","B_NL","James Nesbitt"
"204","Cate","Blanchett","B_NL","Cate Blanchett"
"205","Ian","Holm","W_NL","Ian Holm"
"206","Christopher","Lee","A","Christopher Lee"
"207","Hugo","Weaving","HL","Hugo Weaving"
"208","Orlando","Bloom","HL","Orlando Bloom"
"209","Stephen","Fry","W_NL","Stephen Fry"
"210","John","Bell","W_NL","John Bell"
"211","Manu","Bennett","B_NL","Manu Bennett"
"212","Jed","Brophy","W_NL","Jed Brophy"
"213","Adam","Brown","B_NL","Adam Brown"
"214","John","Callen","W_NL","John Callen"
"215","Billy","Connolly","W_NL","Billy Connolly"
"216","Ryan","Gage","W_NL","Ryan Gage"
"217","Mark","Hadlow","W_NL","Mark Hadlow"
"218","Stephen","Hunter","W_NL","Stephen Hunter"
"219","William","Kircher","W_NL","William Kircher"
"220","Sylvester","McCoy","B_NL","Sylvester McCoy"
"221","Graham","McTavish","W_NL","Graham McTavish"
"222","Dean","O'Gorman","W_NL","Dean O'Gorman"
"223","Mikael","Persbrandt","W_NL","Mikael Persbrandt"
"224","Aidan","Turner","W_NL","Aidan Turner"
"225","Peter","Hambleton","W_NL","Peter Hambleton"
"226","Peggy","Nesbitt","W_NL","Peggy Nesbitt"
"227","Mary","Nesbitt","B_NL","Mary Nesbitt"
"228","John","Tui","A","John Tui"
"229","Mark","Mitchinson","W_NL","Mark Mitchinson"
"230","Kelly","Kilgour","W_NL","Kelly Kilgour"
"231","Sarah","Peirse","W_NL","Sarah Peirse"
"232","Nick","Blake","B_NL","Nick Blake"
"233","Simon","London","B_NL","Simon London"
"234","Conan","Stevens","W_NL","Conan Stevens"
"235","Allan","Smith","B_NL","Allan Smith"
"236","Miranda","Harcourt","W_NL","Miranda Harcourt"
"237","Thomasin","McKenzie","B_NL","Thomasin McKenzie"
"238","Erin","Banks","B_NL","Erin Banks"
"239","Brian","Hotter","W_NL","Brian Hotter"
"240","Timothy","Bartlett","W_NL","Timothy Bartlett"
"241","Merv","Smith","B_NL","Merv Smith"
"242","Martin","Kwok","A","Martin Kwok"
"243","Dee","Bradley Baker","W_NL","Dee Bradley Baker"
"244","Olof","Johnsson","W_NL","Olof Johnsson"
"245","Jon","Olson","W_NL","Jon Olson"
"246","Otep","Shamaya","A","Otep Shamaya"
"247","Debra","Wilson","B_NL","Debra Wilson"
"248","Daniel","Henney","W_NL","Daniel Henney"
"249","T.J.","Miller","W_NL","T.J. Miller"
"250","Jamie","Chung","A","Jamie Chung"
"251","Damon","Wayans Jr.","B_NL","Damon Wayans Jr."
"252","Genesis","Rodriguez","HL","Genesis Rodriguez"
"253","James","Cromwell","W_NL","James Cromwell"
"254","Alan","Tudyk","W_NL","Alan Tudyk"
"255","Maya","Rudolph","B_NL","Maya Rudolph"
"256","Abraham","Benrubi","W_NL","Abraham Benrubi"
"257","Katie","Lowes","W_NL","Katie Lowes"
"258","Billy","Bush","B_NL","Billy Bush"
"259","Daniel","Gerson","W_NL","Daniel Gerson"
"260","Paul","Briggs","W_NL","Paul Briggs"
"261","Charlotte","Gulezian","W_NL","Charlotte Gulezian"
"262","David","Shaughnessy","W_NL","David Shaughnessy"
"263","Kirk","Baily","W_NL","Kirk Baily"
"264","June","Christopher","W_NL","June Christopher"
"265","Roy","Conli","B_NL","Roy Conli"
"266","David","Cowgill","W_NL","David Cowgill"
"267","Terri","Douglas","B_NL","Terri Douglas"
"268","Nicholas","Guest","W_NL","Nicholas Guest"
"269","Kellie","Hoover","W_NL","Kellie Hoover"
"270","Jimmy","Leung","A","Jimmy Leung"
"271","Tim","Mertens","W_NL","Tim Mertens"
"272","Brian","Morris","B_NL","Brian Morris"
"273","Marcella","Lentz-Pope","B_NL","Marcella Lentz-Pope"
"274","Lynwood","Robinson","B_NL","Lynwood Robinson"
"275","Josie","Trinidad","HL","Josie Trinidad"
"276","Reed","Buck","W_NL","Reed Buck"
"277","Cam","Clarke","A","Cam Clarke"
"278","Cooper","Cowgill","W_NL","Cooper Cowgill"
"279","Marlie","Crisafulli","W_NL","Marlie Crisafulli"
"280","Jackie","Gonneau","W_NL","Jackie Gonneau"
"281","Bridget","Hoffman","W_NL","Bridget Hoffman"
"282","Leah","Latham","W_NL","Leah Latham"
"283","Yuri","Lowenthal","W_NL","Yuri Lowenthal"
"284","Yumi","Mizui","A","Yumi Mizui"
"285","Sundra","Oakley","B_NL","Sundra Oakley"
"286","Michael","Powers","W_NL","Michael Powers"
"287","Shane","Sweet","W_NL","Shane Sweet"
"288","Harrison","Ford","B_NL","Harrison Ford"
"289","Mark","Hamill","W_NL","Mark Hamill"
"290","Carrie","Fisher","W_NL","Carrie Fisher"
"291","Oscar","Isaac","HL","Oscar Isaac"
"292","Lupita","Nyong'o","B_NL","Lupita Nyong'o"
"293","Andy","Serkis","W_NL","Andy Serkis"
"294","Domhnall","Gleeson","W_NL","Domhnall Gleeson"
"295","Anthony","Daniels","B_NL","Anthony Daniels"
"296","Peter","Mayhew","W_NL","Peter Mayhew"
"297","Max","von Sydow","W_NL","Max von Sydow"
"298","Kenny","Baker","B_NL","Kenny Baker"
"299","Gwendoline","Christie","B_NL","Gwendoline Christie"
"300","Warwick","Davis","B_NL","Warwick Davis"
"301","Simon","Pegg","W_NL","Simon Pegg"
"302","Maisie","Richardson Sellers","B_NL","Maisie Richardson Sellers"
"303","Pip","Andersen","W_NL","Pip Andersen"
"304","Tim","Rose","W_NL","Tim Rose"
"305","Jessica","Henwick","W_NL","Jessica Henwick"
"306","Greg","Grunberg","W_NL","Greg Grunberg"
"307","Iko","Uwais","B_NL","Iko Uwais"
"308","Yayan","Ruhian","A","Yayan Ruhian"
"309","Pip","Torrens","HL","Pip Torrens"
"310","Kiran","Shah","A","Kiran Shah"
"311","Sebastian","Armesto","HL","Sebastian Armesto"
"312","Ken","Leung","A","Ken Leung"
"313","Anna","Brewster","W_NL","Anna Brewster"
"314","Harriet","Walter","W_NL","Harriet Walter"
"315","Erik","Bauersfeld","W_NL","Erik Bauersfeld"
"316","Michael","Giacchino","W_NL","Michael Giacchino"
"317","Judah","Friedlander","W_NL","Judah Friedlander"
"318","Victor","McGuire","B_NL","Victor McGuire"
"319","Francesca","Longrigg","W_NL","Francesca Longrigg"
"320","Gerald","Abrams","B_NL","Gerald Abrams"
"321","Jim","McGrath","W_NL","Jim McGrath"
"322","Kate","Fleetwood","W_NL","Kate Fleetwood"
"323","Bill","Hader","W_NL","Bill Hader"
"324","Cailey","Fleming","B_NL","Cailey Fleming"
"325","Bryce","Dallas Howard","W_NL","Bryce Dallas Howard"
"326","Vincent","D'Onofrio","W_NL","Vincent D'Onofrio"
"327","Ty","Simpkins","B_NL","Ty Simpkins"
"328","Nick","Robinson","B_NL","Nick Robinson"
"329","Jake","Johnson","B_NL","Jake Johnson"
"330","Omar","Sy","A","Omar Sy"
"331","B.D.","Wong","A","B.D. Wong"
"332","Judy","Greer","W_NL","Judy Greer"
"333","Irrfan","Khan","A","Irrfan Khan"
"334","Lauren","Lapkus","W_NL","Lauren Lapkus"
"335","Brian","Tee","A","Brian Tee"
"336","Katie","McGrath","W_NL","Katie McGrath"
"337","Andy","Buckley","W_NL","Andy Buckley"
"338","Eric","Edelstein","W_NL","Eric Edelstein"
"339","Courtney","Clark","B_NL","Courtney Clark"
"340","Colby","Boothman","W_NL","Colby Boothman"
"341","James","DuMont","W_NL","James DuMont"
"342","Matthew","Burke","W_NL","Matthew Burke"
"343","Anna","Talakkottur","W_NL","Anna Talakkottur"
"344","Matty","Cardarople","W_NL","Matty Cardarople"
"345","Michael","Papajohn","W_NL","Michael Papajohn"
"346","William","Gary Smith","B_NL","William Gary Smith"
"347","Kelly","Washington","B_NL","Kelly Washington"
"348","Isaac","Keys","B_NL","Isaac Keys"
"349","Patrick","Crowley","W_NL","Patrick Crowley"
"350","Chad","Randall","W_NL","Chad Randall"
"351","Gary","Weeks","W_NL","Gary Weeks"
"352","Bill","Ogilvie","B_NL","Bill Ogilvie"
"353","Allan","Tam","A","Allan Tam"
"354","Yvonne","Welch","B_NL","Yvonne Welch"
"355","Chloe","Perrin","W_NL","Chloe Perrin"
"356","Timothy","Eulich","W_NL","Timothy Eulich"
"357","Kevin","Foster","B_NL","Kevin Foster"
"358","Bonnie","Wild","W_NL","Bonnie Wild"
"359","Brad","Bird","W_NL","Brad Bird"
"360","Colin","Trevorrow","W_NL","Colin Trevorrow"
"361","Don","Cheadle","B_NL","Don Cheadle"
"362","Anthony","Mackie","B_NL","Anthony Mackie"
"363","Hayley","Atwell","W_NL","Hayley Atwell"
"364","Idris","Elba","W_NL","Idris Elba"
"365","Claudia","Kim","A","Claudia Kim"
"366","Julie","Delpy","W_NL","Julie Delpy"
"367","Henry","Goodman","B_NL","Henry Goodman"
"368","Chris","Luca","W_NL","Chris Luca"
"369","Brian","Schaeffer","W_NL","Brian Schaeffer"
"370","Dominique","Provost-Chalkey","B_NL","Dominique Provost-Chalkey"
"371","Issac","Andrews","B_NL","Issac Andrews"
"372","Gareth","Keiran Jones","B_NL","Gareth Keiran Jones"
"373","Chan","Woo Lim","A","Chan Woo Lim"
"374","Minhee","Yeo","A","Minhee Yeo"
"375","Bentley","Kalu","B_NL","Bentley Kalu"
"376","Julian","Bleach","W_NL","Julian Bleach"
"377","Vuyo","Dabula","B_NL","Vuyo Dabula"
"378","Chris","Beasley","B_NL","Chris Beasley"
"379","Nondumiso","Tembe","B_NL","Nondumiso Tembe"
"380","Kabelo","Thai","A","Kabelo Thai"
"381","Lele","Ledwaba","B_NL","Lele Ledwaba"
"382","Mandla","Gaduka","B_NL","Mandla Gaduka"
"383","Harriet","Manamela","B_NL","Harriet Manamela"
"384","Antony","Acheampong","B_NL","Antony Acheampong"
"385","Chioma","Anyanwu","B_NL","Chioma Anyanwu"
"386","Ingvild","Deila","W_NL","Ingvild Deila"
"387","Earl","Kim Shiroma","B_NL","Earl Kim Shiroma"
"388","Sunny","Yeo","A","Sunny Yeo"
"389","Michael","Matovski","W_NL","Michael Matovski"
"390","Alma","Noce","HL","Alma Noce"
"391","Namju","Go","A","Namju Go"
"392","Riccardo","Richetta","HL","Riccardo Richetta"
"393","Mina","Kweon","A","Mina Kweon"
"394","Constanza","Ruff","B_NL","Constanza Ruff"
"395","Monty","McLaren","W_NL","Monty McLaren"
"396","Verity","Hewlett","B_NL","Verity Hewlett"
"397","Julia","Krynke","W_NL","Julia Krynke"
"398","Tony","Christian","B_NL","Tony Christian"
"399","Ian","Kay","W_NL","Ian Kay"
"400","Barry","Aird","W_NL","Barry Aird"
"401","Richard","Kind","W_NL","Richard Kind"
"402","Kaitlyn","Dias","HL","Kaitlyn Dias"
"403","Diane","Lane","B_NL","Diane Lane"
"404","Kyle","MacLachlan","W_NL","Kyle MacLachlan"
"405","Paula","Poundstone","W_NL","Paula Poundstone"
"406","Bobby","Moynihan","W_NL","Bobby Moynihan"
"407","Paula","Pell","W_NL","Paula Pell"
"408","Lori","Alan","W_NL","Lori Alan"
"409","Frank","Oz","W_NL","Frank Oz"
"410","Dave","Goelz","W_NL","Dave Goelz"
"411","Flea","","W_NL","Flea"
"412","Pete","Docter","W_NL","Pete Docter"
"413","Josh","Cooley","W_NL","Josh Cooley"
"414","John","Ratzenberger","W_NL","John Ratzenberger"
"415","Rashida","Jones","B_NL","Rashida Jones"
"416","Peter","Sagal","W_NL","Peter Sagal"
"417","Carlos","Alazraqui","HL","Carlos Alazraqui"
"418","Laraine","Newman","B_NL","Laraine Newman"
"419","Sherry","Lynn","W_NL","Sherry Lynn"
"420","Paris","Van Dyke","W_NL","Paris Van Dyke"
"421","Emma","Hudak","W_NL","Emma Hudak"
"422","Michelle","Rodriguez","HL","Michelle Rodriguez"
"423","Jordana","Brewster","W_NL","Jordana Brewster"
"424","Dwayne","Johnson","B_NL","Dwayne Johnson"
"425","Jason","Statham","W_NL","Jason Statham"
"426","Kurt","Russell","W_NL","Kurt Russell"
"427","Tyrese","Gibson","B_NL","Tyrese Gibson"
"428","Chris"," Bridges","B_NL","Chris  Bridges"
"429","Lucas","Black","W_NL","Lucas Black"
"430","Nathalie","Emmanuel","B_NL","Nathalie Emmanuel"
"431","Elsa","Pataky","W_NL","Elsa Pataky"
"432","Gal","Gadot","W_NL","Gal Gadot"
"433","Tony","Jaa","A","Tony Jaa"
"434","Noel","Gugliemi","W_NL","Noel Gugliemi"
"435","Ali","Fazal","A","Ali Fazal"
"436","Sung","Kang","A","Sung Kang"
"437","Ronda","Rousey","W_NL","Ronda Rousey"
"438","Miller","Kimsey","W_NL","Miller Kimsey"
"439","Charlie","Kimsey","B_NL","Charlie Kimsey"
"440","Eden","Estrella","HL","Eden Estrella"
"441","Gentry","White","B_NL","Gentry White"
"442","Iggy","Azalea","W_NL","Iggy Azalea"
"443","Jon","Lee Brody","A","Jon Lee Brody"
"444","Levy","Tran","A","Levy Tran"
"445","Anna","Colwell","W_NL","Anna Colwell"
"446","Viktor","Hernandez","HL","Viktor Hernandez"
"447","Steve","Coulter","W_NL","Steve Coulter"
"448","Robert","Pralgo","HL","Robert Pralgo"
"449","Antwan","Mills","B_NL","Antwan Mills"
"450","J.J.","Phillips","B_NL","J.J. Phillips"
"451","Jorge","Ferragut","HL","Jorge Ferragut"
"452","Sara","Sohn","A","Sara Sohn"
"453","Ben","Blankenship","W_NL","Ben Blankenship"
"454","D.J.","Hapa","A","D.J. Hapa"
"455","T-Pain","","W_NL","T-Pain"
"456","Brian","Mahoney","W_NL","Brian Mahoney"
"457","Brittney","Alger","W_NL","Brittney Alger"
"458","Romeo","Santos","HL","Romeo Santos"
"459","Jocelin","Donahue","W_NL","Jocelin Donahue"
"460","Stephanie","Langston","B_NL","Stephanie Langston"
"461","Jorge-Luis","Pallo","HL","Jorge-Luis Pallo"
"462","Michael","Keaton","W_NL","Michael Keaton"
"463","Allison","Janney","W_NL","Allison Janney"
"464","Steve","Coogan","W_NL","Steve Coogan"
"465","Jennifer","Saunders","W_NL","Jennifer Saunders"
"466","Pierre","Coffin","B_NL","Pierre Coffin"
"467","Katy","Mixon","B_NL","Katy Mixon"
"468","Michael","Beattie","W_NL","Michael Beattie"
"469","Hiroyuki","Sanada","A","Hiroyuki Sanada"
"470","Dave","Rosenberg","W_NL","Dave Rosenberg"
"471","Alex","Dowding","W_NL","Alex Dowding"
"472","Paul","Thornley","W_NL","Paul Thornley"
"473","Ava","Acres","B_NL","Ava Acres"
"474","Kyle","Balda","W_NL","Kyle Balda"
"475","Daniel","Barker","W_NL","Daniel Barker"
"476","Bob","Bergen","W_NL","Bob Bergen"
"477","Melanie","Bond","B_NL","Melanie Bond"
"478","John","Cygan","W_NL","John Cygan"
"479","Brian","T. Delaney","W_NL","Brian T. Delaney"
"480","Bill","Farmer","W_NL","Bill Farmer"
"481","Keith","Ferguson","B_NL","Keith Ferguson"
"482","Helen","Fraser","W_NL","Helen Fraser"
"483","Jess","Harnell","W_NL","Jess Harnell"
"484","Charlie","Hayes","B_NL","Charlie Hayes"
"485","Eve","Karpf","W_NL","Eve Karpf"
"486","John","Kassir","W_NL","John Kassir"
"487","Lewis","Macleod","W_NL","Lewis Macleod"
"488","Danny","Mann","W_NL","Danny Mann"
"489","Mona","Marshall","B_NL","Mona Marshall"
"490","Gary","Martin","W_NL","Gary Martin"
"491","Mickie","McGowan","W_NL","Mickie McGowan"
"492","Andy","Nyman","W_NL","Andy Nyman"
"493","Jan","Rabson","W_NL","Jan Rabson"
"494","Chris","Ragland","B_NL","Chris Ragland"
"495","Zachary","Rice","W_NL","Zachary Rice"
"496","Cole","Sand","W_NL","Cole Sand"
"497","Mindy","Sterling","W_NL","Mindy Sterling"
"498","Tara","Strong","B_NL","Tara Strong"
"499","Will","Vanderpuye","B_NL","Will Vanderpuye"
"500","James","Kevin Ward","W_NL","James Kevin Ward"
"501","Colette","Whitaker","B_NL","Colette Whitaker"
"502","James","Daniel Wilson","B_NL","James Daniel Wilson"
"503","Eugenie","Bondurant","B_NL","Eugenie Bondurant"
"504","Meta","Golding","W_NL","Meta Golding"
"505","Omid","Abtahi","A","Omid Abtahi"
"506","Joe","Chrest","W_NL","Joe Chrest"
"507","Michelle","Forbes","B_NL","Michelle Forbes"
"508","Misty","Ormiston","W_NL","Misty Ormiston"
"509","Kim","Ormiston","W_NL","Kim Ormiston"
"510","Mark","Jeffrey Miller","W_NL","Mark Jeffrey Miller"
"511","April","Grace","B_NL","April Grace"
"512","David","Hallyday","W_NL","David Hallyday"
"513","Linds","Edwards","W_NL","Linds Edwards"
"514","Thomas","Blake","W_NL","Thomas Blake, Jr."
"515","Cameron","MacConomy","B_NL","Cameron MacConomy"
"516","Desmond","Phillips","B_NL","Desmond Phillips"
"517","Elle","Graham","B_NL","Elle Graham"
"518","Lacy","Dmitriew","W_NL","Lacy Dmitriew"
"519","Kate","Rachesky","W_NL","Kate Rachesky"
"520","Phillip","Troy Linger","W_NL","Phillip Troy Linger"
"521","Bear","Lawrence","B_NL","Bear Lawrence"
"522","Theodore","Lawrence","B_NL","Theodore Lawrence"
"523","Jessica","Chastain","W_NL","Jessica Chastain"
"524","Kristen","Wiig","W_NL","Kristen Wiig"
"525","Jeff","Daniels","B_NL","Jeff Daniels"
"526","Michael","Peña","HL","Michael Peña"
"527","Kate","Mara","B_NL","Kate Mara"
"528","Sean","Bean","W_NL","Sean Bean"
"529","Sebastian","Stan","W_NL","Sebastian Stan"
"530","Aksel","Hennie","W_NL","Aksel Hennie"
"531","Chiwetel","Ejiofor","B_NL","Chiwetel Ejiofor"
"532","Benedict","Wong","A","Benedict Wong"
"533","Mackenzie","Davis","B_NL","Mackenzie Davis"
"534","Donald","Glover","B_NL","Donald Glover"
"535","Nick","Mohammed","W_NL","Nick Mohammed"
"536","Chen","Shu","A","Chen Shu"
"537","Eddy","Ko","A","Eddy Ko"
"538","Jonathan","Aris","W_NL","Jonathan Aris"
"539","Gruffudd","Glyn","W_NL","Gruffudd Glyn"
"540","Naomi","Scott","B_NL","Naomi Scott"
"541","Geoffrey","Thomas","B_NL","Geoffrey Thomas"
"542","Yang","Haiwen","A","Yang Haiwen"
"543","Narantsogt","Tsogtsaikhan","A","Narantsogt Tsogtsaikhan"
"544","Brian","Caspe","W_NL","Brian Caspe"
"545","Matt","Devere","W_NL","Matt Devere"
"546","Mike","Kelly","B_NL","Mike Kelly"
"547","Szonja","Oroszlan","W_NL","Szonja Oroszlan"
"548","Greg","Decuir","W_NL","Greg Decuir, Jr."
"549","Mark","O'Neal","W_NL","Mark O'Neal"
"550","Peter","Linka","W_NL","Peter Linka"
"551","Declan","Hannigan","W_NL","Declan Hannigan"
"552","Peter","Schueller","W_NL","Peter Schueller"
"553","Waleska","Latorre","HL","Waleska Latorre"
"554","Frederik","Pleitgen","W_NL","Frederik Pleitgen"
"555","Nikolett","Barabas","W_NL","Nikolett Barabas"
"556","Karen","Gagnon","W_NL","Karen Gagnon"
"557","Lili","Bordan","W_NL","Lili Bordan"
"558","Charlie","Gardner","B_NL","Charlie Gardner"
"559","Nora","Horich","W_NL","Nora Horich"
"560","Kamilla","Fatyol","W_NL","Kamilla Fatyol"
"561","Yang","Liu","A","Yang Liu"
"562","Xue","Xuxing","A","Xue Xuxing"
"563","Richard","Rifkin","W_NL","Richard Rifkin"
"564","Nicholas","Wittman","W_NL","Nicholas Wittman"
"565","Balazs","Medveczky","W_NL","Balazs Medveczky"
"566","Ben","O'Brien","W_NL","Ben O'Brien"
"567","Scott","Alexander Young","W_NL","Scott Alexander Young"
"568","Richard","Madden","W_NL","Richard Madden"
"569","Holliday","Grainger","W_NL","Holliday Grainger"
"570","Derek","Jacobi","W_NL","Derek Jacobi"
"571","Helena","Bonham Carter","W_NL","Helena Bonham Carter"
"572","Sophie","McShera","B_NL","Sophie McShera"
"573","Nonso","Anozie","B_NL","Nonso Anozie"
"574","Ben","Chaplin","W_NL","Ben Chaplin"
"575","Rob","Brydon","W_NL","Rob Brydon"
"576","Jana","Perez","HL","Jana Perez"
"577","Alex","MacQueen","W_NL","Alex MacQueen"
"578","Gareth","Mason","B_NL","Gareth Mason"
"579","Paul","Hunter","W_NL","Paul Hunter"
"580","Eloise","Webb","B_NL","Eloise Webb"
"581","Joshua","McGuire","W_NL","Joshua McGuire"
"582","Matthew","Steer","W_NL","Matthew Steer"
"583","Mimi","Ndiweni","B_NL","Mimi Ndiweni"
"584","Laura","Elsworthy","W_NL","Laura Elsworthy"
"585","Ella","Smith","B_NL","Ella Smith"
"586","Ann","Davies","W_NL","Ann Davies"
"587","Gerard","Horan","W_NL","Gerard Horan"
"588","Katie","West","W_NL","Katie West"
"589","Daniel","Tuite","W_NL","Daniel Tuite"
"590","Anjana","Vasan","A","Anjana Vasan"
"591","Stuart","Neal","W_NL","Stuart Neal"
"592","Adetomiwa","Edun","B_NL","Adetomiwa Edun"
"593","Richard","McCabe","W_NL","Richard McCabe"
"594","Joseph","Kloska","W_NL","Joseph Kloska"
"595","Andy","Apollo","HL","Andy Apollo"
"596","Craig","Mathers","W_NL","Craig Mathers"
"597","Jonny","Owen Last","W_NL","Jonny Owen Last"
"598","Nari","Blair-Mangat","A","Nari Blair-Mangat"
"599","Michael","Jenn","W_NL","Michael Jenn"
"600","Josh","O’Connor","W_NL","Josh O’Connor"
"601","Jimmy","Yuill","W_NL","Jimmy Yuill"
"602","Christoph","Waltz","W_NL","Christoph Waltz"
"603","Lea","Seydoux","W_NL","Lea Seydoux"
"604","Dave","Bautista","HL","Dave Bautista"
"605","Monica","Bellucci","W_NL","Monica Bellucci"
"606","Andrew","Scott","B_NL","Andrew Scott"
"607","Jesper","Christensen","W_NL","Jesper Christensen"
"608","Alessandro","Cremona","HL","Alessandro Cremona"
"609","Stephanie","Sigman","W_NL","Stephanie Sigman"
"610","Tenoch","Huerta","HL","Tenoch Huerta"
"611","Adriana","Paz","HL","Adriana Paz"
"612","Domenico","Fortunato","HL","Domenico Fortunato"
"613","Marco","Zingaro","HL","Marco Zingaro"
"614","Stefano","Elfi DiClaudia","W_NL","Stefano Elfi DiClaudia"
"615","Ian","Bonar","W_NL","Ian Bonar"
"616","Tam","Williams","B_NL","Tam Williams"
"617","Richard","Banham","W_NL","Richard Banham"
"618","Pip","Carter","W_NL","Pip Carter"
"619","Simon","Lenagan","W_NL","Simon Lenagan"
"620","Alessandro","Bressanello","HL","Alessandro Bressanello"
"621","Marc","Zinga","B_NL","Marc Zinga"
"622","Brigitte","Millar","W_NL","Brigitte Millar"
"623","Adel","Bencherif","W_NL","Adel Bencherif"
"624","Gediminas","Adomaitis","W_NL","Gediminas Adomaitis"
"625","Peppe","Lanzetta","W_NL","Peppe Lanzetta"
"626","Francesco","Arca","HL","Francesco Arca"
"627","Matteo","Taranto","W_NL","Matteo Taranto"
"628","Emilio","Aniba","HL","Emilio Aniba"
"629","Benito","Sagredo","HL","Benito Sagredo"
"630","Dai","Tabuchi","A","Dai Tabuchi"
"631","George","Lasha","B_NL","George Lasha"
"632","Sargon","Yelda","A","Sargon Yelda"
"633","Andy","Cheung","A","Andy Cheung"
"634","Erick","Hayden","B_NL","Erick Hayden"
"635","Oleg","Mirochnikov","W_NL","Oleg Mirochnikov"
"636","Antonio","Salines","HL","Antonio Salines"
"637","Miloud","Mourad Benamara","W_NL","Miloud Mourad Benamara"
"638","Gido","Schimanski","W_NL","Gido Schimanski"
"639","Nigel","Barber","B_NL","Nigel Barber"
"640","Patrice","Naiambana","B_NL","Patrice Naiambana"
"641","Stephane","Cornicard","W_NL","Stephane Cornicard"
"642","Gary","Fannin","W_NL","Gary Fannin"
"643","Sadao","Ueda","A","Sadao Ueda"
"644","Phillip","Law","A","Phillip Law"
"645","Wai","Wong","A","Wai Wong"
"646","Joseph","Balderrama","HL","Joseph Balderrama"
"647","Eiji","Mihara","A","Eiji Mihara"
"648","Junichi","Kajioka","A","Junichi Kajioka"
"649","Victor","Schefe","HL","Victor Schefe"
"650","Harald","Windisch","W_NL","Harald Windisch"
"651","Tristan","Matthiae","W_NL","Tristan Matthiae"
"652","Detlef","Bothe","W_NL","Detlef Bothe"
"653","Bodo","Friesecke","W_NL","Bodo Friesecke"
"654","Wilhem","Iben","W_NL","Wilhem Iben"
"655","Noemi","Krausz","W_NL","Noemi Krausz"
"656","Noah","Saavedra","HL","Noah Saavedra"
"657","Francis","Attakpah","B_NL","Francis Attakpah"
"658","Michael","Glantschnig","W_NL","Michael Glantschnig"
"659","Marlon","Boess","HL","Marlon Boess"
"660","Marie","Wohlmuth","W_NL","Marie Wohlmuth"
"661","Lili","Epply","W_NL","Lili Epply"
"662","Konstantin","Gerlach","W_NL","Konstantin Gerlach"
"663","Lara","Parmiani Williams","W_NL","Lara Parmiani Williams"
"664","Umit","Ulgen","W_NL","Umit Ulgen"
"665","Amra","Mallassi","W_NL","Amra Mallassi"
"666","Ziad","Abaza","W_NL","Ziad Abaza"
"667","Walid","Mumuni","B_NL","Walid Mumuni"
"668","Derek","Horsham","W_NL","Derek Horsham"
"669","Nari","Blair Mangat","A","Nari Blair Mangat"
"670","Michael","White","B_NL","Michael White"
"671","Adam","McGrady","W_NL","Adam McGrady"
"672","Nader","Dernaika","W_NL","Nader Dernaika"
"673","Pezhmaan","Alinia","A","Pezhmaan Alinia"
"674","Jiang","Wen","A","Jiang Wen"
"675","Forest","Whitaker","B_NL","Forest Whitaker"
"676","Jimmy","Smits","W_NL","Jimmy Smits"
"677","James","Earl Jones","W_NL","James Earl Jones"
"678","Genevieve","O'Reilly","W_NL","Genevieve O'Reilly"
"679","Valene","Kane","B_NL","Valene Kane"
"680","Alistair","Petrie","W_NL","Alistair Petrie"
"681","Ben","Daniels","B_NL","Ben Daniels"
"682","Stephen","Stanton","W_NL","Stephen Stanton"
"683","Ian","McElhinney","W_NL","Ian McElhinney"
"684","Fares","Fares","W_NL","Fares Fares"
"685","Beau","Gadsdon","B_NL","Beau Gadsdon"
"686","Dolly","Gadsdon","B_NL","Dolly Gadsdon"
"687","Sharon","Duncan-Brewster","B_NL","Sharon Duncan-Brewster"
"688","Aidan","Cook","W_NL","Aidan Cook"
"689","Derek","Arnold","W_NL","Derek Arnold"
"690","Nick","Kellington","W_NL","Nick Kellington"
"691","Richard","Cunningham","W_NL","Richard Cunningham"
"692","Jack","Roth","W_NL","Jack Roth"
"693","Michael","Gould","W_NL","Michael Gould"
"694","Michael","Shaeffer","W_NL","Michael Shaeffer"
"695","Daniel","Mays","B_NL","Daniel Mays"
"696","Andy","de la Tour","HL","Andy de la Tour"
"697","Tony","Pitts","B_NL","Tony Pitts"
"698","Albert","Brooks","B_NL","Albert Brooks"
"699","Ed","O'Neill","W_NL","Ed O'Neill"
"700","Hayden","Rolence","W_NL","Hayden Rolence"
"701","Kaitlin","Olson","W_NL","Kaitlin Olson"
"702","Ty","Burrell","B_NL","Ty Burrell"
"703","Eugene","Levy","W_NL","Eugene Levy"
"704","Diane","Keaton","B_NL","Diane Keaton"
"705","Dominic","West","B_NL","Dominic West"
"706","Andrew","Stanton","W_NL","Andrew Stanton"
"707","Bob","Peterson","W_NL","Bob Peterson"
"708","Torbin","Xan Bullock","W_NL","Torbin Xan Bullock"
"709","Bennett","Dammann","W_NL","Bennett Dammann"
"710","Kate","McKinnon","B_NL","Kate McKinnon"
"711","Jerome","Ranft","W_NL","Jerome Ranft"
"712","Brad","Garrett","W_NL","Brad Garrett"
"713","Stephen","Root","W_NL","Stephen Root"
"714","Alexander","Gould","W_NL","Alexander Gould"
"715","Angus","Maclane","W_NL","Angus Maclane"
"716","Vicki","Lewis","B_NL","Vicki Lewis"
"717","Austin","Pendleton","W_NL","Austin Pendleton"
"718","Katherine","Ringgold","W_NL","Katherine Ringgold"
"719","Willem","Dafoe","W_NL","Willem Dafoe"
"720","Daniel","Brühl","W_NL","Daniel Brühl"
"721","Paul","Rudd","W_NL","Paul Rudd"
"722","Emily","VanCamp","W_NL","Emily VanCamp"
"723","Tom","Holland","W_NL","Tom Holland"
"724","Frank","Grillo","HL","Frank Grillo"
"725","William","Hurt","W_NL","William Hurt"
"726","Martin","Freeman","W_NL","Martin Freeman"
"727","Marisa","Tomei","W_NL","Marisa Tomei"
"728","Hope","Davis","B_NL","Hope Davis"
"729","John","Kani","W_NL","John Kani"
"730","Kerry","Condon","W_NL","Kerry Condon"
"731","John","Slattery","W_NL","John Slattery"
"732","Gozie","Agbo","B_NL","Gozie Agbo"
"733","Jim","Rash","W_NL","Jim Rash"
"734","Alfre","Woodard","B_NL","Alfre Woodard"
"735","Chris","Renaud","W_NL","Chris Renaud"
"736","Sandra","Echeverria","HL","Sandra Echeverria"
"737","Jaime","Camil","HL","Jaime Camil"
"738","Kiely","Renaud","B_NL","Kiely Renaud"
"739","Jason","Marsden","W_NL","Jason Marsden"
"740","Jim","Cummings","B_NL","Jim Cummings"
"741","Ken","Schretzmann","W_NL","Ken Schretzmann"
"742","Tyler","Werrin","W_NL","Tyler Werrin"
"743","Garry","Shandling","W_NL","Garry Shandling"
"744","Brighton","Rose","B_NL","Brighton Rose"
"745","Jon","Favreau","W_NL","Jon Favreau"
"746","Shakira","","W_NL","Shakira"
"747","J.K.","Simmons","B_NL","J.K. Simmons"
"748","Nate","Torrence","B_NL","Nate Torrence"
"749","Jenny","Slate","W_NL","Jenny Slate"
"750","Tommy","Chong","A","Tommy Chong"
"751","Octavia","Spencer","B_NL","Octavia Spencer"
"752","Bonnie","Hunt","B_NL","Bonnie Hunt"
"753","Don","Lake","B_NL","Don Lake"
"754","Tommy"," Lister","W_NL","Tommy  Lister"
"755","Raymond","Persi","W_NL","Raymond Persi"
"756","Jesse","Corti","HL","Jesse Corti"
"757","John","DiMaggio","W_NL","John DiMaggio"
"758","Phil","Johnston","B_NL","Phil Johnston"
"759","Fuschia","","W_NL","Fuschia"
"760","Della","Saba","B_NL","Della Saba"
"761","Maurice","LaMarche","B_NL","Maurice LaMarche"
"762","Gita","Reddy","A","Gita Reddy"
"763","Josh","Dallas","W_NL","Josh Dallas"
"764","Rich","Moore","B_NL","Rich Moore"
"765","Kath","Soucie","W_NL","Kath Soucie"
"766","Peter","Mansbridge","W_NL","Peter Mansbridge"
"767","Byron","Howard","B_NL","Byron Howard"
"768","Mark"," Smith","W_NL","Mark  Smith"
"769","Jared","Bush","W_NL","Jared Bush"
"770","John","Lavelle","W_NL","John Lavelle"
"771","Jesse","Eisenberg","W_NL","Jesse Eisenberg"
"772","Laurence","Fishburne","B_NL","Laurence Fishburne"
"773","Jeremy","Irons","B_NL","Jeremy Irons"
"774","Holly","Hunter","W_NL","Holly Hunter"
"775","Jason","Momoa","B_NL","Jason Momoa"
"776","Scoot","McNairy","B_NL","Scoot McNairy"
"777","Callan","Mulvey","W_NL","Callan Mulvey"
"778","Tao","Okamoto","A","Tao Okamoto"
"779","Brandon","Spink","W_NL","Brandon Spink"
"780","Lauren","Cohan","W_NL","Lauren Cohan"
"781","Alan","D. Purwin","A","Alan D. Purwin"
"782","Hugh","Maguire","W_NL","Hugh Maguire"
"783","Mark","Edward Taylor","B_NL","Mark Edward Taylor"
"784","Michael","Shannon","W_NL","Michael Shannon"
"785","Hanna","Dworkin","W_NL","Hanna Dworkin"
"786","Tiffany","L Addison","B_NL","Tiffany L Addison"
"787","Owais","Ahmed","A","Owais Ahmed"
"788","Anish","Jethmalani","A","Anish Jethmalani"
"789","Tiffany","Bedwell","B_NL","Tiffany Bedwell"
"790","Natalee","Arteaga","HL","Natalee Arteaga"
"791","Keith","D. Gallagher","W_NL","Keith D. Gallagher"
"792","Jeff","Dumas","B_NL","Jeff Dumas"
"793","Miriam","Lee","A","Miriam Lee"
"794","Alicia","Regan","W_NL","Alicia Regan"
"795","Ripley","Sobo","B_NL","Ripley Sobo"
"796","Matahi","Drollet","B_NL","Matahi Drollet"
"797","Mormon","Maitui","B_NL","Mormon Maitui"
"798","Richard","Burden","W_NL","Richard Burden"
"799","Taraina","Sanford","B_NL","Taraina Sanford"
"800","Julius","Tennon","B_NL","Julius Tennon"
"801","Sammi","Rotibi","W_NL","Sammi Rotibi"
"802","Michael","Cassidy","W_NL","Michael Cassidy"
"803","Wunmi","Mosaku","B_NL","Wunmi Mosaku"
"804","Dennis","North","W_NL","Dennis North"
"805","Kiff","VandenHeuvel","W_NL","Kiff VandenHeuvel"
"806","Mason","Heidger","W_NL","Mason Heidger"
"807","Whitney","Yang","A","Whitney Yang"
"808","Kristine","Cabanban","A","Kristine Cabanban"
"809","Sebastian","Sozzi","W_NL","Sebastian Sozzi"
"810","Ralph","Lister","W_NL","Ralph Lister"
"811","Sammy","Publes","HL","Sammy Publes"
"812","Jay","Adams","B_NL","Jay Adams"
"813","Julia","Glander","W_NL","Julia Glander"
"814","David","Midura","W_NL","David Midura"
"815","Rebecca","Buller","W_NL","Rebecca Buller"
"816","Jay","Towers","W_NL","Jay Towers"
"817","Michael","D. Ellison","W_NL","Michael D. Ellison"
"818","Kirill","Ostapenko","W_NL","Kirill Ostapenko"
"819","Cleve","McTier","B_NL","Cleve McTier"
"820","Bevin","Kowal","W_NL","Bevin Kowal"
"821","Rashontae","Wawrzyniak","W_NL","Rashontae Wawrzyniak"
"822","Harry","J. Lennix","W_NL","Harry J. Lennix"
"823","Christina","Wren","W_NL","Christina Wren"
"824","Danny","Mooney","W_NL","Danny Mooney"
"825","Henry","Frost I","W_NL","Henry Frost III"
"826","Nicole","Forester","W_NL","Nicole Forester"
"827","Debbie","Stabenow","W_NL","Debbie Stabenow"
"828","Carmen","Ayala","HL","Carmen Ayala"
"829","Josh","Carrizales","HL","Josh Carrizales"
"830","James","Quesada","HL","James Quesada"
"831","Jade","Chynoweth","W_NL","Jade Chynoweth"
"832","Aida","Munoz","HL","Aida Munoz"
"833","Chad","Krowchuk","W_NL","Chad Krowchuk"
"834","Milica","Govich","W_NL","Milica Govich"
"835","David","Dailey Green","W_NL","David Dailey Green"
"836","Madison","Autumn Mies","W_NL","Madison Autumn Mies"
"837","John","Lepard","W_NL","John Lepard"
"838","Thomas","M. Taylor","W_NL","Thomas M. Taylor"
"839","Sandra","Love Aldridge","B_NL","Sandra Love Aldridge"
"840","Graham","W.J. Beal","W_NL","Graham W.J. Beal"
"841","Henri","Franklin","B_NL","Henri Franklin"
"842","Jonathan","West","W_NL","Jonathan West"
"843","T.J.","Martinelli","W_NL","T.J. Martinelli"
"844","Chris","Newman","W_NL","Chris Newman"
"845","Lulu","Dahl","W_NL","Lulu Dahl"
"846","Thom","Kikot","A","Thom Kikot"
"847","John","Seibert","W_NL","John Seibert"
"848","Liam","Tailford","W_NL","Liam Tailford"
"849","Sam","Logan Khaleghi","W_NL","Sam Logan Khaleghi"
"850","Zachary","Ji Schafer","W_NL","Zachary Ji Schafer"
"851","Monrico","Ward","B_NL","Monrico Ward"
"852","Anne","Marie Damman","W_NL","Anne Marie Damman"
"853","Connie","Craig","W_NL","Connie Craig"
"854","Henrietta","Hermelin","B_NL","Henrietta Hermelin"
"855","Patrick","Leahy","W_NL","Patrick Leahy"
"856","Carla","Gugino","HL","Carla Gugino"
"857","Ryan","D'Silva","A","Ryan D'Silva"
"858","Albert","Valladares","HL","Albert Valladares"
"859","David","W. Paris","W_NL","David W. Paris"
"860","Abigail","Kuklis","W_NL","Abigail Kuklis"
"861","Greg","Violand","W_NL","Greg Violand"
"862","Tiren","Jhames","B_NL","Tiren Jhames"
"863","Tom","Whalen","W_NL","Tom Whalen"
"864","Steve","Jasgur","B_NL","Steve Jasgur"
"865","Patrick","Wilson","B_NL","Patrick Wilson"
"866","Jonathan","Stanley","W_NL","Jonathan Stanley"
"867","Jesse","Frank Nagy","W_NL","Jesse Frank Nagy"
"868","Duvale","Murchison","B_NL","Duvale Murchison"
"869","Thomas","J. Fentress","W_NL","Thomas J. Fentress"
"870","Coburn","Goss","B_NL","Coburn Goss"
"871","Jeff","Hanlin","W_NL","Jeff Hanlin"
"872","Joseph","Cranford","W_NL","Joseph Cranford"
"873","Emily","Peterson","W_NL","Emily Peterson"
"874","Jennifer","Hudson","W_NL","Jennifer Hudson"
"875","Garth","Jennings","B_NL","Garth Jennings"
"876","Nick","Kroll","W_NL","Nick Kroll"
"877","Beck","Bennett","B_NL","Beck Bennett"
"878","Jay","Pharoah","A","Jay Pharoah"
"879","Nick","Offerman","W_NL","Nick Offerman"
"880","Leslie","Jones","B_NL","Leslie Jones"
"881","Rhea","Perlman","W_NL","Rhea Perlman"
"882","Adam","Buxton","W_NL","Adam Buxton"
"883","Brad","Morris","W_NL","Brad Morris"
"884","Oscar","Jennings","B_NL","Oscar Jennings"
"885","Leo","Jennings","B_NL","Leo Jennings"
"886","Caspar","Jennings","W_NL","Caspar Jennings"
"887","Asa","Jennings","W_NL","Asa Jennings"
"888","Sara","Mann","W_NL","Sara Mann"
"889","Wes","Anderson","W_NL","Wes Anderson"
"890","Igor","Khait","W_NL","Igor Khait"
"891","David","Arnott","W_NL","David Arnott"
"892","Daamen","Krall","W_NL","Daamen Krall"
"893","Jeremy","Maxwell","B_NL","Jeremy Maxwell"
"894","Doug","Burch","W_NL","Doug Burch"
"895","Daniel","Mora","HL","Daniel Mora"
"896","Britt","Burton","W_NL","Britt Burton"
"897","Catherine","Cavadini","W_NL","Catherine Cavadini"
"898","Jason","Pace","W_NL","Jason Pace"
"899","Townsend","Coleman","B_NL","Townsend Coleman"
"900","Gregory","Perler","W_NL","Gregory Perler"
"901","Abby","Craden","W_NL","Abby Craden"
"902","James","J. Cummings","W_NL","James J. Cummings"
"903","Jessica","Rau","W_NL","Jessica Rau"
"904","John","DeMita","W_NL","John DeMita"
"905","Marisa","De Silva","HL","Marisa De Silva"
"906","Jessica","Rotter","W_NL","Jessica Rotter"
"907","Willow","Geer","W_NL","Willow Geer"
"908","Barbara","Harris","B_NL","Barbara Harris"
"909","Tom","Walters","W_NL","Tom Walters"
"910","Andrew","Walton","B_NL","Andrew Walton"
"911","Edgar","Wright","B_NL","Edgar Wright"
"912","Robert","Taylor","B_NL","Robert Taylor"
"913","Laura","Dern","W_NL","Laura Dern"
"914","Joonas","Suotamo","W_NL","Joonas Suotamo"
"915","Mike","Quinn","W_NL","Mike Quinn"
"916","Billie","Lourd","B_NL","Billie Lourd"
"917","Jimmy","Vee","A","Jimmy Vee"
"918","Noah","Segan","W_NL","Noah Segan"
"919","Veronica","Ngo","A","Veronica Ngo"
"920","Justin","Theroux","W_NL","Justin Theroux"
"921","Lily","Cole","B_NL","Lily Cole"
"922","Hugh","Skinner","W_NL","Hugh Skinner"
"923","Nathan","Mack","B_NL","Nathan Mack"
"924","Adrian","Schiller","W_NL","Adrian Schiller"
"925","Hattie","Morahan","B_NL","Hattie Morahan"
"926","Rudi","Goodman","W_NL","Rudi Goodman"
"927","Rita","Davies","B_NL","Rita Davies"
"928","Haydn","Gwynne","W_NL","Haydn Gwynne"
"929","Michael","Jibson","W_NL","Michael Jibson"
"930","Ray","Fearon","B_NL","Ray Fearon"
"931","Sophie","Reid","B_NL","Sophie Reid"
"932","Rafaëlle","Cohen","W_NL","Rafaëlle Cohen"
"933","Carla","Nella","HL","Carla Nella"
"934","Jimmy","Johnston","B_NL","Jimmy Johnston"
"935","Dean","Street","W_NL","Dean Street"
"936","Zoe","Rainey","B_NL","Zoe Rainey"
"937","Clive","Rowe","B_NL","Clive Rowe"
"938","Thomas","Padden","W_NL","Thomas Padden"
"939","Henry","Garrett","B_NL","Henry Garrett"
"940","Harriet","Jones","B_NL","Harriet Jones"
"941","Robin","Wright","B_NL","Robin Wright"
"942","Danny","Huston","W_NL","Danny Huston"
"943","David","Thewlis","W_NL","David Thewlis"
"944","Connie","Nielsen","W_NL","Connie Nielsen"
"945","Elena","Anaya","HL","Elena Anaya"
"946","Ewen","Bremner","W_NL","Ewen Bremner"
"947","Lucy","Davis","B_NL","Lucy Davis"
"948","Eugene","Brave Rock","W_NL","Eugene Brave Rock"
"949","Said","Taghmaoui","W_NL","Said Taghmaoui"
"950","Lilly","Aspell","W_NL","Lilly Aspell"
"951","Lisa","Loven Kongsli","W_NL","Lisa Loven Kongsli"
"952","Ann","Wolfe","W_NL","Ann Wolfe"
"953","Ann","Ogbomo","B_NL","Ann Ogbomo"
"954","Emily","Carey","W_NL","Emily Carey"
"955","James","Cosmo","W_NL","James Cosmo"
"956","Wolf","Kahler","W_NL","Wolf Kahler"
"957","Alexander","Mercury","W_NL","Alexander Mercury"
"958","Martin","Bishop","W_NL","Martin Bishop"
"959","Flora","Nicholson","B_NL","Flora Nicholson"
"960","Pat","Abernethy","W_NL","Pat Abernethy"
"961","Freddy","Elletson","B_NL","Freddy Elletson"
"962","Sammy","Hayman","W_NL","Sammy Hayman"
"963","Michael","Tantrum","W_NL","Michael Tantrum"
"964","Philippe","Spall","W_NL","Philippe Spall"
"965","Edward","Wolstenholme","W_NL","Edward Wolstenholme"
"966","Ian","Hughes","W_NL","Ian Hughes"
"967","Marko","Leht","W_NL","Marko Leht"
"968","Steffan","Rhodri","W_NL","Steffan Rhodri"
"969","Andrew","Byron","W_NL","Andrew Byron"
"970","Dominic","Kinnaird","W_NL","Dominic Kinnaird"
"971","Rachel","Pickup","W_NL","Rachel Pickup"
"972","Ulli","Ackermann","W_NL","Ulli Ackermann"
"973","Frank","Allen Forbes","B_NL","Frank Allen Forbes"
"974","Peter","Stark","W_NL","Peter Stark"
"975","Rainer","Bock","W_NL","Rainer Bock"
"976","Josh","Bromley","W_NL","Josh Bromley"
"977","Jennie","Eggleton","B_NL","Jennie Eggleton"
"978","Eva","Dabrowski","W_NL","Eva Dabrowski"
"979","Harvey","James","B_NL","Harvey James"
"980","George","Johnston","W_NL","George Johnston"
"981","Danielle","Lewis","B_NL","Danielle Lewis"
"982","Florence","Kasumba","B_NL","Florence Kasumba"
"983","Eleanor","Matsuura","A","Eleanor Matsuura"
"984","Josette","Simon","B_NL","Josette Simon"
"985","Doutzen","Kroes","W_NL","Doutzen Kroes"
"986","Hayley","Warnes","W_NL","Hayley Warnes"
"987","Caitlin","Burles","W_NL","Caitlin Burles"
"988","Jemma","Moore","B_NL","Jemma Moore"
"989","Samantha","Jo","A","Samantha Jo"
"990","Brooke","Ence","W_NL","Brooke Ence"
"991","Madeleine","Vall Beuner","W_NL","Madeleine Vall Beuner"
"992","Hari","James","B_NL","Hari James"
"993","Jacqui-Lee","Pryce","B_NL","Jacqui-Lee Pryce"
"994","Betty","Adewole","B_NL","Betty Adewole"
"995","Caroline","Winberg","W_NL","Caroline Winberg"
"996","Lizzie","Bowden","B_NL","Lizzie Bowden"
"997","Kattreya","Scheurer-Smith","W_NL","Kattreya Scheurer-Smith"
"998","Sharmina","Harrower","W_NL","Sharmina Harrower"
"999","Rekha","Luther","A","Rekha Luther"
"1000","Thaina","Oliveira","HL","Thaina Oliveira"
"1001","Ooooota","Adepo","B_NL","Ooooota Adepo"
"1002","Zinnia","Kumar","A","Zinnia Kumar"
"1003","Toma","McDonagh","W_NL","Toma McDonagh"
"1004","Amber","Doyle","W_NL","Amber Doyle"
"1005","Freddy","Carter","B_NL","Freddy Carter"
"1006","Fred","Fergus","W_NL","Fred Fergus"
"1007","Tim","Pritchett","W_NL","Tim Pritchett"
"1008","Gana","Bayarsaikhan","A","Gana Bayarsaikhan"
"1009","Camilla","Roholm","W_NL","Camilla Roholm"
"1010","Stephanie","Haymes-Roven","W_NL","Stephanie Haymes-Roven"
"1011","Nia","Burke","B_NL","Nia Burke"
"1012","Bobby","Cannavale","B_NL","Bobby Cannavale"
"1013","Ser'Darius","Blain","B_NL","Ser'Darius Blain"
"1014","Madison","Iseman","W_NL","Madison Iseman"
"1015","Morgan","Turner","W_NL","Morgan Turner"
"1016","Alex","Wolff","W_NL","Alex Wolff"
"1017","Rhys","Darby","B_NL","Rhys Darby"
"1018","Marc","Evan Jackson","B_NL","Marc Evan Jackson"
"1019","Missi","Pyle","B_NL","Missi Pyle"
"1020","Maribeth","Monroe","B_NL","Maribeth Monroe"
"1021","Sean","Buxton","W_NL","Sean Buxton"
"1022","Mason","Guccione","W_NL","Mason Guccione"
"1023","Marin","Hinkle","W_NL","Marin Hinkle"
"1024","Tracey","Bonner","B_NL","Tracey Bonner"
"1025","Najah","Jackson","B_NL","Najah Jackson"
"1026","Natasha","Charles Parker","B_NL","Natasha Charles Parker"
"1027","Kat","Altman","W_NL","Kat Altman"
"1028","Michael","Shacket","W_NL","Michael Shacket"
"1029","Jamie","Renell","W_NL","Jamie Renell"
"1030","Carlease","Burke","B_NL","Carlease Burke"
"1031","Jason","New","W_NL","Jason New"
"1032","William","Tokarsky","W_NL","William Tokarsky"
"1033","Rohan","Chand","A","Rohan Chand"
"1034","Tait","Fletcher","B_NL","Tait Fletcher"
"1035","Steve","Dunlevy","W_NL","Steve Dunlevy"
"1036","Rob","Mars","W_NL","Rob Mars"
"1037","Chris","Sullivan","W_NL","Chris Sullivan"
"1038","Sylvester","Stallone","B_NL","Sylvester Stallone"
"1039","Evan","Jones","B_NL","Evan Jones"
"1040","Jimmy","Urine","W_NL","Jimmy Urine"
"1041","Steve","Agee","B_NL","Steve Agee"
"1042","Mike","Escamilla","HL","Mike Escamilla"
"1043","Joe","Fria","HL","Joe Fria"
"1044","Terence","Rosemore","B_NL","Terence Rosemore"
"1045","Tommy","Flanagan","W_NL","Tommy Flanagan"
"1046","Seth","Green","B_NL","Seth Green"
"1047","Michael","Rosenbaum","W_NL","Michael Rosenbaum"
"1048","Ving","Rhames","B_NL","Ving Rhames"
"1049","Michelle","Yeoh","A","Michelle Yeoh"
"1050","Tyne","Daly","B_NL","Tyne Daly"
"1051","Jacob","Batalon","A","Jacob Batalon"
"1052","Laura","Harrier","W_NL","Laura Harrier"
"1053","Tony","Revolori","B_NL","Tony Revolori"
"1054","Bokeem","Woodbine","B_NL","Bokeem Woodbine"
"1055","Michael","Chernus","W_NL","Michael Chernus"
"1056","Logan","Marshall-Green","W_NL","Logan Marshall-Green"
"1057","Michael","Barbieri","W_NL","Michael Barbieri"
"1058","Kenneth","Choi","A","Kenneth Choi"
"1059","Hannibal","Buress","W_NL","Hannibal Buress"
"1060","Martin","Starr","W_NL","Martin Starr"
"1061","Isabella","Amara","B_NL","Isabella Amara"
"1062","Jorge","Lendeborg Jr","HL","Jorge Lendeborg Jr"
"1063","Jennifer","Connelly","W_NL","Jennifer Connelly"
"1064","J","J Totah","A","J J Totah"
"1065","Selenis","Leyva","HL","Selenis Leyva"
"1066","Abraham","Attah","B_NL","Abraham Attah"
"1067","Michael","Mando","W_NL","Michael Mando"
"1068","Garcelle","Beauvais","B_NL","Garcelle Beauvais"
"1069","Tiffany","Espensen","W_NL","Tiffany Espensen"
"1070","Angourie","Rice","B_NL","Angourie Rice"
"1071","Wayne","Pére","B_NL","Wayne Pére"
"1072","Christopher","Berry","B_NL","Christopher Berry"
"1073","Tunde","Adebimpe","B_NL","Tunde Adebimpe"
"1074","Hemky","Madera","HL","Hemky Madera"
"1075","Zach","Cherry","W_NL","Zach Cherry"
"1076","Kirk","R. Thatcher","W_NL","Kirk R. Thatcher"
"1077","Yu","Lew","A","Yu Lew"
"1078","Sondra","James","B_NL","Sondra James"
"1079","Bob","Adrian","W_NL","Bob Adrian"
"1080","Gary","Richardson","W_NL","Gary Richardson"
"1081","Joe","Hang","A","Joe Hang"
"1082","Sam","Neill","W_NL","Sam Neill"
"1083","Tadanobu","Asano","A","Tadanobu Asano"
"1084","Ray","Stevenson","B_NL","Ray Stevenson"
"1085","Zachary","Levi","W_NL","Zachary Levi"
"1086","Rachel","House","B_NL","Rachel House"
"1087","Taika","Waititi","B_NL","Taika Waititi"
"1088","Miranda","Cosgrove","W_NL","Miranda Cosgrove"
"1089","Dana","Gaier","W_NL","Dana Gaier"
"1090","Nev","Scharrel","W_NL","Nev Scharrel"
"1091","Julie","Andrews","B_NL","Julie Andrews"
"1092","Adrian","Ciscato","HL","Adrian Ciscato"
"1093","Katia","Saponenko","W_NL","Katia Saponenko"
"1094","Ken","Daurio","W_NL","Ken Daurio"
"1095","Jude","Alpers","W_NL","Jude Alpers"
"1096","Cory","Walls","B_NL","Cory Walls"
"1097","Sophie","M. Siadatpour","A","Sophie M. Siadatpour"
"1098","Stephanie","De Meautis","W_NL","Stephanie De Meautis"
"1099","Bruno","Dequier","W_NL","Bruno Dequier"
"1100","Teresa","Ganzel","W_NL","Teresa Ganzel"
"1101","Gregg","Berger","W_NL","Gregg Berger"
"1102","Jim","Ward","B_NL","Jim Ward"
"1103","Amy","Adams","W_NL","Amy Adams"
"1104","Ciaran","Hinds","B_NL","Ciaran Hinds"
"1105","Joe","Morton","B_NL","Joe Morton"
"1106","Amber","Heard","B_NL","Amber Heard"
"1107","Billy","Crudup","B_NL","Billy Crudup"
"1108","Kiersey","Clemons","B_NL","Kiersey Clemons"
"1109","Julian","Lewis Jones","B_NL","Julian Lewis Jones"
"1110","Michael","McElhatton","W_NL","Michael McElhatton"
"1111","Winston","Duke","B_NL","Winston Duke"
"1112","Sterling","K. Brown","A","Sterling K. Brown"
"1113","Isaach","de Bankolé","B_NL","Isaach de Bankolé"
"1114","Sydelle","Noel","B_NL","Sydelle Noel"
"1115","Connie","Chuene","B_NL","Connie Chuene"
"1116","Tom","Hiddleston","W_NL","Tom Hiddleston"
"1117","Peter","Dinklage","W_NL","Peter Dinklage"
"1118","Jeremy","Renner","W_NL","Jeremy Renner"
"1119","Ethan","Dizon","A","Ethan Dizon"
"1120","Tom","Vaughan-Lawlor","W_NL","Tom Vaughan-Lawlor"
"1121","Terry","Notary","B_NL","Terry Notary"
"1122","Carrie","Coon","W_NL","Carrie Coon"
"1123","Michael","Shaw","W_NL","Michael Shaw"
"1124","Ross","Marquand","W_NL","Ross Marquand"
"1125","Catherine","Keener","W_NL","Catherine Keener"
"1126","Eli","Fucile","W_NL","Eli Fucile"
"1127","Bob","Odenkirk","W_NL","Bob Odenkirk"
"1128","Sophia","Bush","B_NL","Sophia Bush"
"1129","Phil","LaMarr","B_NL","Phil LaMarr"
"1130","Isabella","Rossellini","HL","Isabella Rossellini"
"1131","Adam","Gates","W_NL","Adam Gates"
"1132","Jonathan","Banks","B_NL","Jonathan Banks"
"1133","Bill","Wise","B_NL","Bill Wise"
"1134","Nick","Bird","W_NL","Nick Bird"
"1135","Paul","Eiding","W_NL","Paul Eiding"
"1136","Barry","Bostwick","W_NL","Barry Bostwick"
"1137","Michael","B. Johnson","W_NL","Michael B. Johnson"
"1138","Jere","Burns","W_NL","Jere Burns"
"1139","Adam","Rodriguez","HL","Adam Rodriguez"
"1140","Kimberly","Adair Clark","W_NL","Kimberly Adair Clark"
"1141","Rafe","Spall","W_NL","Rafe Spall"
"1142","Justice","Smith","B_NL","Justice Smith"
"1143","Daniella","Pineda","HL","Daniella Pineda"
"1144","Toby","Jones","B_NL","Toby Jones"
"1145","Ted","Levine","W_NL","Ted Levine"
"1146","Isabella","Sermon","B_NL","Isabella Sermon"
"1147","Geraldine","Chaplin","B_NL","Geraldine Chaplin"
"1148","Jeff","Goldblum","W_NL","Jeff Goldblum"
"1149","Robert","Emms","W_NL","Robert Emms"
"1150","Peter","Jason","W_NL","Peter Jason"
"1151","Kevin","Layne","B_NL","Kevin Layne"
"1152","John","Schwab","W_NL","John Schwab"
"1153","Sam","Redford","W_NL","Sam Redford"
"1154","Charlie","Rawes","B_NL","Charlie Rawes"
"1155","Alex","Dower","B_NL","Alex Dower"
"1156","Honey","Holmes","B_NL","Honey Holmes"
"1157","Neil","Bishop","W_NL","Neil Bishop"
"1158","Philippa","Thomas","B_NL","Philippa Thomas"
"1159","Corey","Peterson","B_NL","Corey Peterson"
"1160","Jeremy","Gilbert","W_NL","Jeremy Gilbert"
"1161","Victor","Gardener","HL","Victor Gardener"
"1162","Daryl","Kwan","A","Daryl Kwan"
"1163","Eric","Kofi Abrefa","B_NL","Eric Kofi Abrefa"
"1164","Ben","Peel","W_NL","Ben Peel"
"1165","Mark","Griffin","W_NL","Mark Griffin"
"1166","Paul","Sockett","W_NL","Paul Sockett"
"1167","Doug","Robson","W_NL","Doug Robson"
"1168","Gil","Kolirin","W_NL","Gil Kolirin"
"1169","Nathan","Florence","B_NL","Nathan Florence"
"1170","Bryan","Phillips","W_NL","Bryan Phillips"
"1171","Mitchell","L. Johnson","W_NL","Mitchell L. Johnson"
"1172","Temuera","Morrison","B_NL","Temuera Morrison"
"1173","Ludi","Lin","A","Ludi Lin"
"1174","Michael","Beach","W_NL","Michael Beach"
"1175","Randall","Park","A","Randall Park"
"1176","Leigh","Whannell","W_NL","Leigh Whannell"
"1177","Tainui","Kirkwood","B_NL","Tainui Kirkwood"
"1178","Tamor","Kirkwood","B_NL","Tamor Kirkwood"
"1179","Denzel","Quirke","W_NL","Denzel Quirke"
"1180","Kaan","Guldur","W_NL","Kaan Guldur"
"1181","Otis","Dhanji","B_NL","Otis Dhanji"
"1182","Kekoa","Kekumano","B_NL","Kekoa Kekumano"
"1183","John","Rhys-Davies","W_NL","John Rhys-Davies"
"1184","Andrew","Crawford","W_NL","Andrew Crawford"
"1185","Sophia","Forrest","B_NL","Sophia Forrest"
"1186","Natalia","Safran","W_NL","Natalia Safran"
"1187","Micah","D. Ohlman","W_NL","Micah D. Ohlman"
"1188","Andrew","Jack","B_NL","Andrew Jack"
"1189","Frankie","Creagh-Leslie","B_NL","Frankie Creagh-Leslie"
"1190","Sophia","Emberson-Bain","B_NL","Sophia Emberson-Bain"
"1191","Ilya","Melnikoff","W_NL","Ilya Melnikoff"
"1192","Hank","Amos","W_NL","Hank Amos"
"1193","Kyryl","Koltsov","W_NL","Kyryl Koltsov"
"1194","Patrick","Cox","B_NL","Patrick Cox"
"1195","Luke","Owen","W_NL","Luke Owen"
"1196","Robert","Longstreet","W_NL","Robert Longstreet"
"1197","Devika","Parikh","A","Devika Parikh"
"1198","Sonny","Le","A","Sonny Le"
"1199","Jon","Fabian","W_NL","Jon Fabian"
"1200","Mabel","Tamone","B_NL","Mabel Tamone"
"1201","Rita","Dinardo","HL","Rita Dinardo"
"1202","Anthony","Standish","W_NL","Anthony Standish"
"1203","Nicoletta","Bianca","W_NL","Nicoletta Bianca"
"1204","Victor","Leto","HL","Victor Leto"
"1205","Vincent","B. Gorce","A","Vincent B. Gorce"
"1206","Gabriella","Petkova","W_NL","Gabriella Petkova"
"1207","Oriana","Iacono","HL","Oriana Iacono"
"1208","Pearl","Alice Grantham","B_NL","Pearl Alice Grantham"
"1209","Noa","Tsuchiya","A","Noa Tsuchiya"
"1210","Alice","Lanesbury","B_NL","Alice Lanesbury"
"1211","Nicolas","Bosc","W_NL","Nicolas Bosc"
"1212","Joshua","Levinson","W_NL","Joshua Levinson"
"1213","Julian","Dennison","B_NL","Julian Dennison"
"1214","Eddie","Marsan","B_NL","Eddie Marsan"
"1215","Shioli","Kutsuna","A","Shioli Kutsuna"
"1216","Jack","Kesy","W_NL","Jack Kesy"
"1217","Terry","Crews","B_NL","Terry Crews"
"1218","Rob","Delaney","W_NL","Rob Delaney"
"1219","Lewis","Tan","A","Lewis Tan"
"1220","Bill","Skarsgård","W_NL","Bill Skarsgård"
"1221","Cameron","Seely","W_NL","Cameron Seely"
"1222","Tristan","O’Hare","B_NL","Tristan O’Hare"
"1223","Kenan","Thompson","B_NL","Kenan Thompson"
"1224","Sam","Lavagnino","W_NL","Sam Lavagnino"
"1225","Ramone","Hamilton","B_NL","Ramone Hamilton"
"1226","Angela","Lansbury","B_NL","Angela Lansbury"
"1227","Carter","Hastings","W_NL","Carter Hastings"
"1228","Evan","Kishiyama","A","Evan Kishiyama"
"1229","Tucker","Chandler","W_NL","Tucker Chandler"
"1230","Scott","Mosier","W_NL","Scott Mosier"
"1231","Meilee","Condron","W_NL","Meilee Condron"
"1232","Dashiell","Priestley","B_NL","Dashiell Priestley"
"1233","Alex","Puccinelli","W_NL","Alex Puccinelli"
"1234","Emma","Elizabeth Shannon","B_NL","Emma Elizabeth Shannon"
"1235","Joel","Swetow","W_NL","Joel Swetow"
"1236","Aaron","Fors","W_NL","Aaron Fors"
"1237","Regina","Taufen","W_NL","Regina Taufen"
"1238","Vanessa","Kirby","B_NL","Vanessa Kirby"
"1239","Frederick","Schmidt","W_NL","Frederick Schmidt"
"1240","Alix","Benezech","W_NL","Alix Benezech"
"1241","Caspar","Phillipson","W_NL","Caspar Phillipson"
"1242","Joey","Ansah","B_NL","Joey Ansah"
"1243","Charlie","Vincent","B_NL","Charlie Vincent"
"1244","Hiten","Patel","A","Hiten Patel"
"1245","Wyatt","Alexander","W_NL","Wyatt Alexander"
"1246","Conny","Sharp","W_NL","Conny Sharp"
"1247","Lampros","Kalfuntzos","W_NL","Lampros Kalfuntzos"
"1248","David","Mumeni","W_NL","David Mumeni"
"1249","Grahame","Fox","B_NL","Grahame Fox"
"1250","Shawn","Dixon","B_NL","Shawn Dixon"
"1251","Connor","Wolf","W_NL","Connor Wolf"
"1252","Brandon","Q.W. McConnell","W_NL","Brandon Q.W. McConnell"
"1253","Stuart","Davidson","W_NL","Stuart Davidson"
"1254","Ansh","Rathore","A","Ansh Rathore"
"1255","Jean","Baptiste Fillon","B_NL","Jean Baptiste Fillon"
"1256","Maxime","Dorian","W_NL","Maxime Dorian"
"1257","Alexandre","Poole","B_NL","Alexandre Poole"
"1258","Olivier","Huband","W_NL","Olivier Huband"
"1259","Konstantine","Kurelias","W_NL","Konstantine Kurelias"
"1260","Andrew","Cazanave Pin","HL","Andrew Cazanave Pin"
"1261","Alexis","Barbosa","HL","Alexis Barbosa"
"1262","Max","Geller","W_NL","Max Geller"
"1263","Wei-Chen","Sun","A","Wei-Chen Sun"
"1264","Christopher","Ramoné","B_NL","Christopher Ramoné"
"1265","T.I.","Tip Harris","A","T.I. Tip Harris"
"1266","David","Dastmalchian","W_NL","David Dastmalchian"
"1267","Abby","Ryder Fortson","W_NL","Abby Ryder Fortson"
"1268","Michael","Cerveris","W_NL","Michael Cerveris"
"1269","Ben","Hardy","B_NL","Ben Hardy"
"1270","Gwilym","Lee","A","Gwilym Lee"
"1271","Joseph","Mazzello","HL","Joseph Mazzello"
"1272","Allen","Leech","W_NL","Allen Leech"
"1273","Lucy","Boynton","B_NL","Lucy Boynton"
"1274","Aaron","McCusker","W_NL","Aaron McCusker"
"1275","Aidan","Gillen","W_NL","Aidan Gillen"
"1276","Tom","Hollander","W_NL","Tom Hollander"
"1277","Dermot","Murphy","W_NL","Dermot Murphy"
"1278","Meneka","Das","A","Meneka Das"
"1279","Ace","Bhatti","A","Ace Bhatti"
"1280","Dickie","Beau","B_NL","Dickie Beau"
"1281","Neil","Fox-Roberts","W_NL","Neil Fox-Roberts"
"1282","Philip","Andrew","W_NL","Philip Andrew"
"1283","Matthew","Houston","W_NL","Matthew Houston"
"1284","Michelle","Duncan","B_NL","Michelle Duncan"
"1285","Katherine","Langford","W_NL","Katherine Langford"
"1286","Tessa","Thompson","B_NL","Tessa Thompson"
"1287","Rene","Russo","W_NL","Rene Russo"
"1288","Tilda","Swinton","B_NL","Tilda Swinton"
"1289","Robert","Redford","W_NL","Robert Redford"
"1290","Angela","Bassett","B_NL","Angela Bassett"
"1291","James","D'Arcy","W_NL","James D'Arcy"
"1292","Emma","Fuhrmann","W_NL","Emma Fuhrmann"
"1293","Lexi","Rabe","B_NL","Lexi Rabe"
"1294","Ava","Russo","W_NL","Ava Russo"
"1295","Lia","Russo","W_NL","Lia Russo"
"1296","Amy","Sedaris","W_NL","Amy Sedaris"
"1297","Chance","Bennett","B_NL","Chance Bennett"
"1298","Josh","McCrary","B_NL","Josh McCrary"
"1299","Naomi","Ackie","B_NL","Naomi Ackie"
"1300","Richard","E. Grant","W_NL","Richard E. Grant"
"1301","Kelly","Marie Tran","A","Kelly Marie Tran"
"1302","Ian","McDiarmid","W_NL","Ian McDiarmid"
"1303","Billy","Dee Williams","B_NL","Billy Dee Williams"
"1304","Dominic","Monaghan","W_NL","Dominic Monaghan"
"1305","Hayden","Christensen","W_NL","Hayden Christensen"
"1306","Olivia","D'Abo","B_NL","Olivia D'Abo"
"1307","Ashley","Eckstein","W_NL","Ashley Eckstein"
"1308","Jennifer","Hale","W_NL","Jennifer Hale"
"1309","Samuel","L. Jackson","B_NL","Samuel L. Jackson"
"1310","Alec","Guinness","W_NL","Alec Guinness"
"1311","Angelique","Perrin","B_NL","Angelique Perrin"
"1312","Liam","Neeson","W_NL","Liam Neeson"
"1313","Jonathan","Groff","W_NL","Jonathan Groff"
"1314","Evan","Rachel Wood","W_NL","Evan Rachel Wood"
"1315","Santino","Fontana","HL","Santino Fontana"
"1316","Rachel","Matthews","B_NL","Rachel Matthews"
"1317","Alfred","Molina","HL","Alfred Molina"
"1318","Martha","Plimpton","W_NL","Martha Plimpton"
"1319","Jason","Ritter","W_NL","Jason Ritter"
"1320","Jeremy","Sisto","W_NL","Jeremy Sisto"
"1321","Aurora","","HL","Aurora"
"1322","Hadley","Gannaway","W_NL","Hadley Gannaway"
"1323","Mattea","Marie Conforti","W_NL","Mattea Marie Conforti"
"1324","Maia","Wilson","B_NL","Maia Wilson"
"1325","Delaney","Rose Stein","W_NL","Delaney Rose Stein"
"1326","Jackson","Stein","W_NL","Jackson Stein"
"1327","Joan","Cusack","W_NL","Joan Cusack"
"1328","Wallace","Shawn","B_NL","Wallace Shawn"
"1329","Blake","Clark","W_NL","Blake Clark"
"1330","Don","Rickles","W_NL","Don Rickles"
"1331","Estelle","Harris","B_NL","Estelle Harris"
"1332","Keanu","Reeves","B_NL","Keanu Reeves"
"1333","Ally","Maki","W_NL","Ally Maki"
"1334","Jay","Hernandez","HL","Jay Hernandez"
"1335","Emily","Davis","W_NL","Emily Davis"
"1336","June","Squibb","W_NL","June Squibb"
"1337","Carl","Weathers","B_NL","Carl Weathers"
"1338","Lila","Sage","W_NL","Lila Sage"
"1339","Jeff","Garlin","W_NL","Jeff Garlin"
"1340","Maliah","Bargas-Good","B_NL","Maliah Bargas-Good"
"1341","Jack","McGraw","W_NL","Jack McGraw"
"1342","Juliana","Hansen","W_NL","Juliana Hansen"
"1343","Bud","Luckey","W_NL","Bud Luckey"
"1344","Jodi","Benson","W_NL","Jodi Benson"
"1345","Jeff","Pidgeon","W_NL","Jeff Pidgeon"
"1346","Kristen","Schaal","W_NL","Kristen Schaal"
"1347","Timothy","Dalton","W_NL","Timothy Dalton"
"1348","Laurie","Metcalf","W_NL","Laurie Metcalf"
"1349","Madeleine","McGraw","B_NL","Madeleine McGraw"
"1350","Mel","Brooks","B_NL","Mel Brooks"
"1351","Carol","Burnett","W_NL","Carol Burnett"
"1352","Carl","Reiner","W_NL","Carl Reiner"
"1353","Betty","White","B_NL","Betty White"
"1354","Rickey","Henderson","B_NL","Rickey Henderson"
"1355","Jude","Law","B_NL","Jude Law"
"1356","Rune","Temte","W_NL","Rune Temte"
"1357","Algenis","Pérez Soto","HL","Algenis Pérez Soto"
"1358","Chuku","Modu","B_NL","Chuku Modu"
"1359","Matthew","Maher","W_NL","Matthew Maher"
"1360","Akira","Akbar","A","Akira Akbar"
"1361","Azari","Akbar","A","Azari Akbar"
"1362","Kenneth","Mitchell","B_NL","Kenneth Mitchell"
"1363","Stephen","A. Chang","A","Stephen A. Chang"
"1364","Pete","Ploszek","W_NL","Pete Ploszek"
"1365","Mark","Daugherty","W_NL","Mark Daugherty"
"1366","Vik","Sahay","A","Vik Sahay"
"1367","Sharon","Blynn","W_NL","Sharon Blynn"
"1368","Mckenna","Grace","B_NL","Mckenna Grace"
"1369","London","Fuller","B_NL","London Fuller"
"1370","Colin","Ford","B_NL","Colin Ford"
"1371","Marilyn","Brett","W_NL","Marilyn Brett"
"1372","Diana","Toshiko","A","Diana Toshiko"
"1373","Robert","Kazinsky","W_NL","Robert Kazinsky"
"1374","Emily","Ozrey","W_NL","Emily Ozrey"
"1375","Abigaille","Ozrey","B_NL","Abigaille Ozrey"
"1376","Gil","De St. Jeor","W_NL","Gil De St. Jeor"
"1377","Matthew","Bellows","W_NL","Matthew Bellows"
"1378","Richard","Zeringue","W_NL","Richard Zeringue"
"1379","Barry","Curtis","W_NL","Barry Curtis"
"1380","Nelson","Franklin","B_NL","Nelson Franklin"
"1381","Patrick","Brennan","W_NL","Patrick Brennan"
"1382","Patrick","Gallagher","W_NL","Patrick Gallagher"
"1383","Duane","Henry","B_NL","Duane Henry"
"1384","Ana","Ayora","HL","Ana Ayora"
"1385","Stanley","Wong","A","Stanley Wong"
"1386","Auden","L. Ophuls","B_NL","Auden L. Ophuls"
"1387","Harriet","L. Ophuls","A","Harriet L. Ophuls"
"1388","Matthew","Kimmel","W_NL","Matthew Kimmel"
"1389","Stephen","Del Bagno","W_NL","Stephen Del Bagno"
"1390","Lyonetta","Flowers","B_NL","Lyonetta Flowers"
"1391","Rufus","Flowers","B_NL","Rufus Flowers"
"1392","J.B.","Smoove","B_NL","J.B. Smoove"
"1393","Remy","Hii","A","Remy Hii"
"1394","Numan","Acar","W_NL","Numan Acar"
"1395","Zach","Barack","W_NL","Zach Barack"
"1396","Zoha","Rahman","A","Zoha Rahman"
"1397","Yasmin","Mwanza","B_NL","Yasmin Mwanza"
"1398","Joshua","Sinclair Evans","B_NL","Joshua Sinclair Evans"
"1399","Tyler","Luke Cunningham","W_NL","Tyler Luke Cunningham"
"1400","Sebastian","Viveros","HL","Sebastian Viveros"
"1401","Toni","Garrn","W_NL","Toni Garrn"
"1402","Peter","Billingsley","W_NL","Peter Billingsley"
"1403","Clare","Dunne","W_NL","Clare Dunne"
"1404","Nicholas","Gleaves","W_NL","Nicholas Gleaves"
"1405","Claire","Rushbrook","W_NL","Claire Rushbrook"
"1406","Dawn","Michelle King","B_NL","Dawn Michelle King"
"1407","Jeroen","Van Koningsbrugge","W_NL","Jeroen Van Koningsbrugge"
"1408","Michael","de Roos","W_NL","Michael de Roos"
"1409","Jan-Paul","Buijs","W_NL","Jan-Paul Buijs"
"1410","Sergio","Pieratini","HL","Sergio Pieratini"
"1411","Brian","Law","W_NL","Brian Law"
"1412","Evelyn","Mok","A","Evelyn Mok"
"1413","Tatiana","Lunardon","HL","Tatiana Lunardon"
"1414","Giada","Benedetti","W_NL","Giada Benedetti"
"1415","Lukas","Bech","W_NL","Lukas Bech"
"1416","Alessandro","Giuggioli","W_NL","Alessandro Giuggioli"
"1417","Petr","Opava","W_NL","Petr Opava"
"1418","Giuseppe","Andriolo","W_NL","Giuseppe Andriolo"
"1419","Nasim","Pedrad","A","Nasim Pedrad"
"1420","Billy","Magnussen","W_NL","Billy Magnussen"
"1421","Kamil","Lemieszewski","W_NL","Kamil Lemieszewski"
"1422","Adam","Collins","W_NL","Adam Collins"
"1423","Nikkita","Chadha","A","Nikkita Chadha"
"1424","Maya","Saroya","A","Maya Saroya"
"1425","Tuncay","Gunes","W_NL","Tuncay Gunes"
"1426","Bern","Collaço","HL","Bern Collaço"
"1427","Will","Blagrove","B_NL","Will Blagrove"
"1428","Ramzan","Miah","A","Ramzan Miah"
"1429","Amer","Chadha-Patel","A","Amer Chadha-Patel"
"1430","Leslie","Kunz","W_NL","Leslie Kunz"
"1431","Mary","Cruz","HL","Mary Cruz"
"1432","Albert","Tang","A","Albert Tang"
"1433","Fran","Tarq","W_NL","Fran Tarq"
"1434","Amir","Boutrous","W_NL","Amir Boutrous"
"1435","Emily","Ng","A","Emily Ng"
"1436","Amar","Adatia","A","Amar Adatia"
"1437","Dave","Simon","B_NL","Dave Simon"
"1438","Beth","Willetts","W_NL","Beth Willetts"
"1439","Eric","Coco","W_NL","Eric Coco"
"1440","Sanj","Surati","A","Sanj Surati"
"1441","Jaq","Patel","A","Jaq Patel"
"1442","Jordan","Nash","W_NL","Jordan Nash"
"1443","Agatha","Ezzedine","B_NL","Agatha Ezzedine"
"1444","Jay","Nifaoui","W_NL","Jay Nifaoui"
"1445","Amed","Hashimi","A","Amed Hashimi"
"1446","Karamvir","Athwal","A","Karamvir Athwal"
"1447","Julian","London","B_NL","Julian London"
"1448","Serhat","Metin","W_NL","Serhat Metin"
"1449","Spencer","Collings","W_NL","Spencer Collings"
"1450","Mario","Romano","HL","Mario Romano"
"1451","Maryam","Soumare Dahan","A","Maryam Soumare Dahan"
"1452","Amrita","Jazzmyn","A","Amrita Jazzmyn"
"1453","Shakeel","Hussain","A","Shakeel Hussain"
"1454","Nick","Khan","A","Nick Khan"
"1455","Ben","Sura","A","Ben Sura"
"1456","Belal","Sabir","A","Belal Sabir"
"1457","Yassine","Mkhichen","W_NL","Yassine Mkhichen"
"1458","Chang","Hongsong","A","Chang Hongsong"
"1459","Lucas","Antoine Starrets","W_NL","Lucas Antoine Starrets"
"1460","Jackson","Kai","A","Jackson Kai"
"1461","Kevin","Matadeen","B_NL","Kevin Matadeen"
"1462","Karan","Singh Duggall","A","Karan Singh Duggall"
"1463","Koko","Basigara","B_NL","Koko Basigara"
"1464","Danilo","Vicente","HL","Danilo Vicente"
"1465","Yasmin","Harrison","B_NL","Yasmin Harrison"
"1466","Feizal","Mowlabocus","B_NL","Feizal Mowlabocus"
"1467","Omari","Bernard","W_NL","Omari Bernard"
"1468","Ocean","Navarro","HL","Ocean Navarro"
"1469","Adrian","Danila","W_NL","Adrian Danila"
"1470","Svend","Emil Jacobsen","W_NL","Svend Emil Jacobsen"
"1471","Andrew","Dunkelberger","W_NL","Andrew Dunkelberger"
"1472","Tahir","Burhan","A","Tahir Burhan"
"1473","Wade","Lewin","W_NL","Wade Lewin"
"1474","Blythe","Jandoo","B_NL","Blythe Jandoo"
"1475","Jagoda","Kamov","W_NL","Jagoda Kamov"
"1476","Daham","Kandanarrachchi","A","Daham Kandanarrachchi"
"1477","Hamza","Malik","A","Hamza Malik"
"1478","Marisha","Wallace","B_NL","Marisha Wallace"
"1479","Mandana","Ghomshei","A","Mandana Ghomshei"
"1480","Luke","Bell","W_NL","Luke Bell"
"1481","Shaj","Goku","A","Shaj Goku"
"1482","Levente","Jakab","W_NL","Levente Jakab"
"1483","Frank","Welker","W_NL","Frank Welker"
"1484","Danny","DeVito","W_NL","Danny DeVito"
"1485","Danny","Glover","B_NL","Danny Glover"
"1486","Colin","Hanks","W_NL","Colin Hanks"
"1487","Rory","McCann","W_NL","Rory McCann"
"1488","Vince","Pisani","W_NL","Vince Pisani"
"1489","Dorothy","Steel","W_NL","Dorothy Steel"
"1490","Jennifer","Patino","HL","Jennifer Patino"
"1491","Madison","Johnson","B_NL","Madison Johnson"
"1492","Dania","Ramirez","HL","Dania Ramirez"
"1493","Derek","Russo","W_NL","Derek Russo"
"1494","Vanessa","Cater","B_NL","Vanessa Cater"
"1495","Nick","Gomez","HL","Nick Gomez"
"1496","Massimiliano","Furlan","W_NL","Massimiliano Furlan"
"1497","Javier","Villamil","HL","Javier Villamil"
"1498","Anthony","Neves","HL","Anthony Neves"
"1499","Morgan","Brown","B_NL","Morgan Brown"
"1500","Deobia","Oparei","B_NL","Deobia Oparei"
"1501","Leslie","Simms","B_NL","Leslie Simms"
"1502","John","Ross Bowie","B_NL","John Ross Bowie"
"1503","Lucy","DeVito","HL","Lucy DeVito"
"1504","Bebe","Neuwirth","W_NL","Bebe Neuwirth"
"1505","Lamorne","Morris","B_NL","Lamorne Morris"
"1506","Vanessa","Hudgens","B_NL","Vanessa Hudgens"
"1507","Alexander","Ludwig","W_NL","Alexander Ludwig"
"1508","Charles","Melton","B_NL","Charles Melton"
"1509","Paola","Nuñez","HL","Paola Nuñez"
"1510","Kate","del Castillo","HL","Kate del Castillo"
"1511","Nicky","Jam","A","Nicky Jam"
"1512","Joe","Pantoliano","HL","Joe Pantoliano"
"1513","Jacob","Scipio","B_NL","Jacob Scipio"
"1514","Theresa","Randle","B_NL","Theresa Randle"
"1515","D.J.","Khaled","A","D.J. Khaled"
"1516","Happy","Anderson","B_NL","Happy Anderson"
"1517","Bianca","Bethune","B_NL","Bianca Bethune"
"1518","Dennis","McDonald","W_NL","Dennis McDonald"
"1519","Michael","Bay","W_NL","Michael Bay"
"1520","Gissette","E. Valentin","HL","Gissette E. Valentin"
"1521","Rose","Bianco","HL","Rose Bianco"
"1522","Edelia","Merida","HL","Edelia Merida"
"1523","Jasmin","Lawrence","B_NL","Jasmin Lawrence"
"1524","Shacai","O’Neal","A","Shacai O’Neal"
"1525","Carlos","Guerrero","HL","Carlos Guerrero, Jr."
"1526","Massi","Furlan","W_NL","Massi Furlan"
"1527","Chick","Bernhard","W_NL","Chick Bernhard"
"1528","Jennifer","Badger","W_NL","Jennifer Badger"
"1529","Jeff","Authors","W_NL","Jeff Authors"
"1530","Keith","Wheeler","W_NL","Keith Wheeler"
"1531","Brandi","Cohen","W_NL","Brandi Cohen"
"1532","Jay","Amor","A","Jay Amor"
"1533","Yessenia","Hernandez","HL","Yessenia Hernandez"
"1534","Anthony","Molinari","W_NL","Anthony Molinari"
"1535","Ivo","Nandi","A","Ivo Nandi"
"1536","David","Shae","W_NL","David Shae"
"1537","Eduardo","Rosario","HL","Eduardo Rosario"
"1538","Rory","Markham","W_NL","Rory Markham"
"1539","Brad","Sanders","W_NL","Brad Sanders"
"1540","Damien","Butler","B_NL","Damien Butler"
"1541","Bilall","Fallah","B_NL","Bilall Fallah"
"1542","Norma","Alvarez","HL","Norma Alvarez"
"1543","Adil","El Arbi","W_NL","Adil El Arbi"
"1544","Christina","Christensen","W_NL","Christina Christensen"
"1545","Nahima","Bicelis","W_NL","Nahima Bicelis"
"1546","Erroll","Castrillo","HL","Erroll Castrillo"
"1547","Kial","Butler","B_NL","Kial Butler"
"1548","Sharon","Pfeiffer","W_NL","Sharon Pfeiffer"
"1549","Porshia","C. Joseph","B_NL","Porshia C. Joseph"
"1550","Ellison","Kendrick","B_NL","Ellison Kendrick"
"1551","James","Marsden","W_NL","James Marsden"
"1552","Tika","Sumpter","B_NL","Tika Sumpter"
"1553","Lee","Majdoub","W_NL","Lee Majdoub"
"1554","Adam","Pally","W_NL","Adam Pally"
"1555","Neal","McDonough","W_NL","Neal McDonough"
"1556","Natasha","Rothwell","B_NL","Natasha Rothwell"
"1557","Frank","C. Turner","W_NL","Frank C. Turner"
"1558","Garry","Chalk","W_NL","Garry Chalk"
"1559","Melody","Niemann","W_NL","Melody Niemann"
"1560","Eleanor","Whibley","B_NL","Eleanor Whibley"
"1561","Jeanie","Cloutier","W_NL","Jeanie Cloutier"
"1562","Bailey","Skodje","W_NL","Bailey Skodje"
"1563","Donna","Jay Fulks","B_NL","Donna Jay Fulks"
"1564","Antonio","Banderas","HL","Antonio Banderas"
"1565","Michael","Sheen","W_NL","Michael Sheen"
"1566","Harry","Collett","W_NL","Harry Collett"
"1567","Jim","Broadbent","W_NL","Jim Broadbent"
"1568","Carmen","Ejogo","HL","Carmen Ejogo"
"1569","Frances","de la Tour","B_NL","Frances de la Tour"
"1570","Jessie","Buckley","B_NL","Jessie Buckley"
"1571","Kasia","Smutniak","W_NL","Kasia Smutniak"
"1572","Carmel","Laniado","HL","Carmel Laniado"
"1573","Jason","Mantzoukas","W_NL","Jason Mantzoukas"
"1574","Oliver","Chris","W_NL","Oliver Chris"
"1575","Clive","Francis","B_NL","Clive Francis"
"1576","Paul","Holowaty","W_NL","Paul Holowaty"
"1577","Elliot","Barnes-Worrell","B_NL","Elliot Barnes-Worrell"
"1578","Mark","Umbers","W_NL","Mark Umbers"
"1579","David","Sheinkopf","W_NL","David Sheinkopf"
"1580","Sid","Sagar","A","Sid Sagar"
"1581","Martin","Pemberton","W_NL","Martin Pemberton"
"1582","Tim","Treloar","W_NL","Tim Treloar"
"1583","Nick","A. Fisher","W_NL","Nick A. Fisher"
"1584","Jim","Carretta","W_NL","Jim Carretta"
"1585","Matt","King","W_NL","Matt King"
"1586","Ranjani","Brow","B_NL","Ranjani Brow"
"1587","Kelly","Stables","W_NL","Kelly Stables"
"1588","Scott","Menville","W_NL","Scott Menville"
"1589","Matthew","Wolfe","W_NL","Matthew Wolfe"
"1590","Gia","Davis","B_NL","Gia Davis"
"1591","Henry","Holcomb","W_NL","Henry Holcomb"
"1592","Kyrie","McAlpin","W_NL","Kyrie McAlpin"
"1593","Isley","Zamora","HL","Isley Zamora"
"1594","Stewart","Scudamore","W_NL","Stewart Scudamore"
"1595","Kayo","Samson","B_NL","Kayo Samson"
"1596","John-Luke","Roberts","B_NL","John-Luke Roberts"
"1597","Daniel","Hoffmann-Gill","W_NL","Daniel Hoffmann-Gill"
"1598","Aldis","Hodge","W_NL","Aldis Hodge"
"1599","Storm","Reid","B_NL","Storm Reid"
"1600","Harriet","Dyer","W_NL","Harriet Dyer"
"1601","Michael","Dorman","W_NL","Michael Dorman"
"1602","Benedict","Hardie","B_NL","Benedict Hardie"
"1603","Renee","Lim","A","Renee Lim"
"1604","Brian","Meegan","W_NL","Brian Meegan"
"1605","Nick","Kici","W_NL","Nick Kici"
"1606","Vivienne","Greer","B_NL","Vivienne Greer"
"1607","Nicholas","Hope","B_NL","Nicholas Hope"
"1608","Cleave","Williams","B_NL","Cleave Williams"
"1609","Cardwell","Lynch","B_NL","Cardwell Lynch"
"1610","Sam","Smith","B_NL","Sam Smith"
"1611","Zara","Michales","W_NL","Zara Michales"
"1612","Serag","Mohammed","W_NL","Serag Mohammed"
"1613","Nash","Edgerton","B_NL","Nash Edgerton"
"1614","Anthony","Brandon Wong","B_NL","Anthony Brandon Wong"
"1615","Xavier","Fernandez","HL","Xavier Fernandez"
"1616","Dan","Stevens","W_NL","Dan Stevens"
"1617","Colin","Woodell","W_NL","Colin Woodell"
"1618","Bradley","Whitford","W_NL","Bradley Whitford"
"1619","Akpe","Gift","B_NL","Akpe Gift"
"1620","Cara","Gee","W_NL","Cara Gee"
"1621","Jean","Louisa Kelly","B_NL","Jean Louisa Kelly"
"1622","Michael","Horse","W_NL","Michael Horse"
"1623","Micah","Fitzgerald","W_NL","Micah Fitzgerald"
"1624","Heather","McPhaul","B_NL","Heather McPhaul"
"1625","Adam","Fergus","W_NL","Adam Fergus"
"1626","Stephanie","Czajkowski","W_NL","Stephanie Czajkowski"
"1627","Thomas","Adoue Polk","B_NL","Thomas Adoue Polk"
"1628","Raven","Scott","B_NL","Raven Scott"
"1629","Brad","Greenquist","W_NL","Brad Greenquist"
"1630","Benjamin","Hoffman","W_NL","Benjamin Hoffman"
"1631","Alexander","Schoenauer","W_NL","Alexander Schoenauer"
"1632","Aria","Lyric Leabu","W_NL","Aria Lyric Leabu"
"1633","Salem","Meade","W_NL","Salem Meade"
"1634","Greg","Tarzan Davis","W_NL","Greg Tarzan Davis"
"1635","Jamie","Bock","W_NL","Jamie Bock"
"1636","Karl","Makinen","W_NL","Karl Makinen"
"1637","Adam","William Zastrow","B_NL","Adam William Zastrow"
"1638","Bryan","Scott Johnson","B_NL","Bryan Scott Johnson"
"1639","Kirk","Geiger","W_NL","Kirk Geiger"
"1640","Paul","Mabon","B_NL","Paul Mabon"
"1641","Scott","MacDonald","W_NL","Scott MacDonald"
"1642","Tim","deZarn","W_NL","Tim deZarn"
"1643","P.J.","King","B_NL","P.J. King"
"1644","Michael","Lanahan","W_NL","Michael Lanahan"
"1645","Joshua","Nazaroff","W_NL","Joshua Nazaroff"
"1646","Alex","Solowitz","HL","Alex Solowitz"
"1647","Martin","J. Riddell","W_NL","Martin J. Riddell"
"1648","Wes","Brown","B_NL","Wes Brown"
"1649","Ellen","Buckley","W_NL","Ellen Buckley"
"1650","Dillon","Daniel","B_NL","Dillon Daniel"
"1651","Alexander","Lewis","B_NL","Alexander Lewis"
"1652","Michael","Froton","W_NL","Michael Froton"
"1653","Anthony","Fox","B_NL","Anthony Fox"
"1654","Patty","Ann Nix","W_NL","Patty Ann Nix"
"1655","Craig","Reed","W_NL","Craig Reed"
"1656","Bo","McCann","W_NL","Bo McCann"
"1657","Aureelia","E. Richards","HL","Aureelia E. Richards"
"1658","Haley","Benson","W_NL","Haley Benson"
"1659","Lucinda","Jubb","W_NL","Lucinda Jubb"
"1660","Jonney","Ahmanson","B_NL","Jonney Ahmanson"
"1661","Preston","Bailey","B_NL","Preston Bailey"
"1662","Monty","Stuart","W_NL","Monty Stuart"
"1663","Tom","Crisp","W_NL","Tom Crisp"
"1664","Aviel","Ayoung","B_NL","Aviel Ayoung"
"1665","Larry","Cedar","W_NL","Larry Cedar"
"1666","Mac","Jarman","B_NL","Mac Jarman"
"1667","Lon","Gowan","A","Lon Gowan"
"1668","John","Apicella","W_NL","John Apicella"
"1669","Kyle","Bornheimer","W_NL","Kyle Bornheimer"
"1670","Grey","Griffin","B_NL","Grey Griffin"
"1671","Tracey","Ullman","W_NL","Tracey Ullman"
"1672","Wilmer","Valderrama","HL","Wilmer Valderrama"
"1673","Kailey","Crawford","W_NL","Kailey Crawford"
"1674","Chris","Sanders","B_NL","Chris Sanders"
"1675","James","Ryan","W_NL","James Ryan"
"1676","Gabriel","Jack","B_NL","Gabriel Jack"
"1677","Melissa","Disney","W_NL","Melissa Disney"
"1678","Joel","Crawford","B_NL","Joel Crawford"
"1679","Januel","Mercado","HL","Januel Mercado"
"1680","Ryan","Naylor","W_NL","Ryan Naylor"
"1681","Artemis","Pebdani","W_NL","Artemis Pebdani"
"1682","Juhan","Ulfsak","W_NL","Juhan Ulfsak"
"1683","Jefferson","Hall","B_NL","Jefferson Hall"
"1684","Ivo","Uukkivi","W_NL","Ivo Uukkivi"
"1685","Andrew","Howard","W_NL","Andrew Howard"
"1686","Rich","Ceraulo Ko","W_NL","Rich Ceraulo Ko"
"1687","Jonathan","Camp","W_NL","Jonathan Camp"
"1688","Sander","Rebane","W_NL","Sander Rebane"
"1689","Martin","Donovan","W_NL","Martin Donovan"
"1690","Clémence","Poésy","B_NL","Clémence Poésy"
"1691","Josh","Stewart","W_NL","Josh Stewart"
"1692","Dimple","Kapadia","A","Dimple Kapadia"
"1693","Denzil","Smith","B_NL","Denzil Smith"
"1694","Jeremy","Theobald","W_NL","Jeremy Theobald"
"1695","Tom","Nolan","W_NL","Tom Nolan"
"1696","Laurie","Shepherd","W_NL","Laurie Shepherd"
"1697","Yuri","Kolokolnikov","W_NL","Yuri Kolokolnikov"
"1698","Marcel","Sabat","W_NL","Marcel Sabat"
"1699","Julia-Maria","Arnolds","HL","Julia-Maria Arnolds"
"1700","Jack","Cutmore-Scott","W_NL","Jack Cutmore-Scott"
"1701","Himesh","Patel","A","Himesh Patel"
"1702","Adam","Cropper","W_NL","Adam Cropper"
"1703","Jan","Uuspõld","W_NL","Jan Uuspõld"
"1704","Kaspar","Velberg","W_NL","Kaspar Velberg"
"1705","Sergo","Vares","W_NL","Sergo Vares"
"1706","Rain","Tolk","W_NL","Rain Tolk"
"1707","Aaron","Taylor-Johnson","B_NL","Aaron Taylor-Johnson"
"1708","Fiona","Dourif","W_NL","Fiona Dourif"
"1709","Henrik","Kalmet","W_NL","Henrik Kalmet"
"1710","Sean","Avery","B_NL","Sean Avery"
"1711","John","Orantes","HL","John Orantes"
"1712","Seb","Carrington","B_NL","Seb Carrington"
"1713","Matthew","Marsden","W_NL","Matthew Marsden"
"1714","Alex","Wexo","HL","Alex Wexo"
"1715","Amr","Waked","W_NL","Amr Waked"
"1716","Kristoffer","Polaha","W_NL","Kristoffer Polaha"
"1717","Ravi","Patel","A","Ravi Patel"
"1718","Oliver","Cotton","B_NL","Oliver Cotton"
"1719","Lucian","Perez","HL","Lucian Perez"
"1720","Gabriella","Wilde","W_NL","Gabriella Wilde"
"1721","Kelvin","Yu","A","Kelvin Yu"
"1722","Stuart","Milligan","W_NL","Stuart Milligan"
"1723","Shane","Attwooll","B_NL","Shane Attwooll"
"1724","David","Al Fahmi","W_NL","David Al Fahmi"
"1725","Kevin","Wallace","B_NL","Kevin Wallace"
"1726","Jessie","Graff","W_NL","Jessie Graff"
"1727","Bronte","Lavine","B_NL","Bronte Lavine"
"1728","Briony","Scarlett","B_NL","Briony Scarlett"
"1729","Jade","Johnson","B_NL","Jade Johnson"
"1730","Miranda","Chambers","B_NL","Miranda Chambers"
"1731","Moe","Sasegbon","A","Moe Sasegbon"
"1732","Gwendolyn","Smith","B_NL","Gwendolyn Smith"
"1733","Lyon","Beckwith","B_NL","Lyon Beckwith"
"1734","Ryan","Watson","W_NL","Ryan Watson"
"1735","James","C. Burke","W_NL","James C. Burke"
"1736","Brandon","Thane Wilson","B_NL","Brandon Thane Wilson"
"1737","Oakley","Bull","W_NL","Oakley Bull"
"1738","Andy","Riddle","W_NL","Andy Riddle"
"1739","Rey","Rey Terry","HL","Rey Rey Terry"
"1740","Tina","Edwards","B_NL","Tina Edwards"
"1741","Bill","DeBrason","W_NL","Bill DeBrason"
"1742","Rick","Kain","W_NL","Rick Kain"
"1743","Vickie","Warehime","B_NL","Vickie Warehime"
"1744","Mike","D. Anderson","W_NL","Mike D. Anderson"
"1745","Christopher","Crutchfield Walker","W_NL","Christopher Crutchfield Walker"
"1746","Gina","Grinkemeyer","W_NL","Gina Grinkemeyer"
"1747","Cassandra","Newman","B_NL","Cassandra Newman"
"1748","Valerie","Leonard","B_NL","Valerie Leonard"
"1749","Susan","Smythe","W_NL","Susan Smythe"
"1750","Bob","Cusack","W_NL","Bob Cusack"
"1751","John","Bucy","W_NL","John Bucy"
"1752","Patrick","Gover","B_NL","Patrick Gover"
"1753","Tracy","Tobin","W_NL","Tracy Tobin"
"1754","Mitch","Holson","W_NL","Mitch Holson"
"1755","Ashley","Gladden","B_NL","Ashley Gladden"
"1756","Spencer","Trinwith","W_NL","Spencer Trinwith"
"1757","Parker","Damm","W_NL","Parker Damm"
"1758","Caroline","Coleman","B_NL","Caroline Coleman"
"1759","Summer","Snead","W_NL","Summer Snead"
"1760","Tori","Beverly","B_NL","Tori Beverly"
"1761","Raquel","Merediz","HL","Raquel Merediz"
"1762","Vince","Eisenson","B_NL","Vince Eisenson"
"1763","Asim","Chaudhry","A","Asim Chaudhry"
"1764","Danny","Morgan","B_NL","Danny Morgan"
"1765","Tessa","Bonham Jones","B_NL","Tessa Bonham Jones"
"1766","Philip","Philmar","W_NL","Philip Philmar"
"1767","Mensah","Bediako","B_NL","Mensah Bediako"
"1768","Russell","Barnett","W_NL","Russell Barnett"
"1769","Peter","Brooke","W_NL","Peter Brooke"
"1770","Jarren","Dalmeda","HL","Jarren Dalmeda"
"1771","Jasmine","Clark","B_NL","Jasmine Clark"
"1772","Jonathan","Ajayi","B_NL","Jonathan Ajayi"
"1773","Tomos","Vaughan-Williams","W_NL","Tomos Vaughan-Williams"
"1774","Avi","Rothman","W_NL","Avi Rothman"
"1775","Belinda","Mayne","B_NL","Belinda Mayne"
"1776","Orlando","James","B_NL","Orlando James"
"1777","Ed","Birch","W_NL","Ed Birch"
"1778","Aykut","Hilmi","W_NL","Aykut Hilmi"
"1779","Zaydun","Khalaf","W_NL","Zaydun Khalaf"
"1780","Nerea","Palacios","HL","Nerea Palacios"
"1781","Altahay","Ramos Martin","HL","Altahay Ramos Martin"
"1782","Joanne","Henry","B_NL","Joanne Henry"
"1783","Patrick","Lyster","W_NL","Patrick Lyster"
"1784","Sam","Sheridan","W_NL","Sam Sheridan"
"1785","Paul","Boyd","B_NL","Paul Boyd"
"1786","Vincent","Jerome","B_NL","Vincent Jerome"
"1787","Akie","Kotabe","A","Akie Kotabe"
"1788","Kenneth","Jay","B_NL","Kenneth Jay"
"1789","Jasmine","Hyde","B_NL","Jasmine Hyde"
"1790","Paul","McQuaid","W_NL","Paul McQuaid"
"1791","Gabriel","Constantin","HL","Gabriel Constantin"
"1792","Alex","Delescu","W_NL","Alex Delescu"
"1793","Mish","Boyko","W_NL","Mish Boyko"
"1794","Constantine","Gregory","B_NL","Constantine Gregory"
"1795","Michael","Poole","W_NL","Michael Poole"
"1796","Joe","Palka","W_NL","Joe Palka"
"1797","Jean","H. Miller","W_NL","Jean H. Miller"
"1798","Mike","Sengelow","B_NL","Mike Sengelow"
"1799","Paul","Connaughton","W_NL","Paul Connaughton"
"1800","Wendy","Albiston","W_NL","Wendy Albiston"
"1801","Rhonda","Overby","W_NL","Rhonda Overby"
"1802","Lambro","Demetriou","W_NL","Lambro Demetriou"
"1803","Jonny","Barry","B_NL","Jonny Barry"
"1804","Luis","Torrecilla","HL","Luis Torrecilla"
"1805","Sarah","Barlondo","B_NL","Sarah Barlondo"
"1806","Matt","Costello","W_NL","Matt Costello"
"1807","Evan","Bittner","W_NL","Evan Bittner"
"1808","Archie","L. Harris","B_NL","Archie L. Harris, Jr."
"1809","Stephanie","Waters","B_NL","Stephanie Waters"
"1810","Thomas","Clay Strickland","W_NL","Thomas Clay Strickland"
"1811","Chi-Lin","Nim","A","Chi-Lin Nim"
"1812","Michael","Kaurene","W_NL","Michael Kaurene"
"1813","Michael","Gabel","W_NL","Michael Gabel"
"1814","Orlando","Gonzalez","HL","Orlando Gonzalez"
"1815","Dan","De Luca","HL","Dan De Luca"
"1816","Ahmed","Hussien","W_NL","Ahmed Hussien"
"1817","Tony","Zarouel","W_NL","Tony Zarouel"
"1818","Naithan","Ariane","W_NL","Naithan Ariane"
"1819","Joel","Morris","B_NL","Joel Morris"
"1820","Michael","Salami","W_NL","Michael Salami"
"1821","Kosha","Engler","W_NL","Kosha Engler"
"1822","Asa","Sheridan","W_NL","Asa Sheridan"
"1823","Alma","Varsano","HL","Alma Varsano"
"1824","Maya","Varsano","A","Maya Varsano"
"1825","Jaron","Varsano","W_NL","Jaron Varsano"
"1826","Tilly","Winford","B_NL","Tilly Winford"
"1827","Victoria","Broom","B_NL","Victoria Broom"
"1828","Hamza","Siddique","A","Hamza Siddique"
"1829","Colin","Stinton","W_NL","Colin Stinton"
"1830","Katharine","Pickering","W_NL","Katharine Pickering"
"1831","Karis","McCabe","W_NL","Karis McCabe"
"1832","Saskia","Neville","W_NL","Saskia Neville"
"1833","Jenny","Pacey","W_NL","Jenny Pacey"
"1834","Mikayla-Jade","Barber","B_NL","Mikayla-Jade Barber"
"1835","Candice","Carbine","B_NL","Candice Carbine"
"1836","Donna","Forbes","B_NL","Donna Forbes"
"1837","Chantal","Nell","B_NL","Chantal Nell"
"1838","Helen","Mirren","W_NL","Helen Mirren"
"1839","Charlize","Theron","B_NL","Charlize Theron"
"1840","Finn","Cole","W_NL","Finn Cole"
"1841","Anna","Sawai","A","Anna Sawai"
"1842","Shad","Moss","B_NL","Shad Moss"
"1843","Thue","Ersted Rasmussen","A","Thue Ersted Rasmussen"
"1844","Don","Omar","W_NL","Don Omar"
"1845","Shea","Whigham","B_NL","Shea Whigham"
"1846","Vinnie","Bennett","B_NL","Vinnie Bennett"
"1847","J.D.","Pardo","HL","J.D. Pardo"
"1848","Jim","Parrack","W_NL","Jim Parrack"
"1849","Siena","Agudong","A","Siena Agudong"
"1850","Isaac","Holtane","B_NL","Isaac Holtane"
"1851","Immanuel","Holtane","B_NL","Immanuel Holtane"
"1852","Azia","Dinea Hale","W_NL","Azia Dinea Hale"
"1853","Juju","Zhang","A","Juju Zhang"
"1854","Karson","Kern","W_NL","Karson Kern"
"1855","Igby","Rigney","W_NL","Igby Rigney"
"1856","Sophia","Tatum","B_NL","Sophia Tatum"
"1857","Francis","Ngannou","B_NL","Francis Ngannou"
"1858","Martyn","Ford","W_NL","Martyn Ford"
"1859","Bad","Bunny","A","Bad Bunny"
"1860","Jimmy","Lin","A","Jimmy Lin"
"1861","Jason","Tobin","W_NL","Jason Tobin"
"1862","Cardi","B","B_NL","Cardi B"
"1863","Cered","","W_NL","Cered"
"1864","Ozuna","","W_NL","Ozuna"
"1865","Oqwe","Lin","A","Oqwe Lin"
"1866","Bill","Simmons","B_NL","Bill Simmons"
"1867","Vincent","Sinclair Diesel","B_NL","Vincent Sinclair Diesel"
"1868","Luka","Hays","W_NL","Luka Hays"
"1869","Rory","Stewart Kinnear","B_NL","Rory Stewart Kinnear"
"1870","Dali","Benssalah","W_NL","Dali Benssalah"
"1871","David","Dencik","W_NL","David Dencik"
"1872","Lashana","Lynch","B_NL","Lashana Lynch"
"1873","Millicent","Simmonds","B_NL","Millicent Simmonds"
"1874","Noah","Jupe","W_NL","Noah Jupe"
"1875","Wayne","Duvall","B_NL","Wayne Duvall"
"1876","Sigourney","Weaver","W_NL","Sigourney Weaver"
"1877","Stephen","Lang","A","Stephen Lang"
"1878","Kate","Winslet","W_NL","Kate Winslet"
"1879","Cliff","Curtis","B_NL","Cliff Curtis"
"1880","Joel","David Moore","B_NL","Joel David Moore"
"1881","CCH","Pounder","B_NL","CCH Pounder"
"1882","Edie","Falco","W_NL","Edie Falco"
"1883","Brendan","Cowell","W_NL","Brendan Cowell"
"1884","Jemaine","Clement","B_NL","Jemaine Clement"
"1885","Jamie","Flatters","W_NL","Jamie Flatters"
"1886","Britain","Dalton","B_NL","Britain Dalton"
"1887","Trinity","Bliss","W_NL","Trinity Bliss"
"1888","Jack","Champion","B_NL","Jack Champion"
"1889","Filip","Geljo","W_NL","Filip Geljo"
"1890","Bailey","Bass","W_NL","Bailey Bass"
"1891","Duane","Evans Jr.","B_NL","Duane Evans Jr."
"1892","Giovanni","Ribisi","W_NL","Giovanni Ribisi"
"1893","Matt","Gerald","W_NL","Matt Gerald"
"1894","Robert","Okumu","B_NL","Robert Okumu"
"1895","Jennifer","Stafford","W_NL","Jennifer Stafford"
"1896","Keston","John","B_NL","Keston John"
"1897","Kevin","Dorman","W_NL","Kevin Dorman"
"1898","Alicia","Vela-Bailey","HL","Alicia Vela-Bailey"
"1899","Sean","Anthony Moran","W_NL","Sean Anthony Moran"
"1900","Andrew","Arrabito","W_NL","Andrew Arrabito"
"1901","Johnny","Alexander","B_NL","Johnny Alexander"
"1902","Kim","Do","A","Kim Do"
"1903","Victor","Lopez","HL","Victor Lopez"
"1904","Maria","Walker","B_NL","Maria Walker"
"1905","Phil","Brown","B_NL","Phil Brown"
"1906","Jocelyn","Christian","B_NL","Jocelyn Christian"
"1907","Joel","Tobeck","W_NL","Joel Tobeck"
"1908","Moana","Ete","B_NL","Moana Ete"
"1909","Jamie","Landau","W_NL","Jamie Landau"
"1910","Jim","Moore","B_NL","Jim Moore"
"1911","Benjamin","Hoetjes","W_NL","Benjamin Hoetjes"
"1912","Nikita","Tu Bryant","A","Nikita Tu Bryant"
"1913","Anthony","Ahern","W_NL","Anthony Ahern"
"1914","Shane","Rangi","B_NL","Shane Rangi"
"1915","Rick","Lucas","B_NL","Rick Lucas"
"1916","Tanya","Drewery","B_NL","Tanya Drewery"
"1917","Ava","Diakhaby","B_NL","Ava Diakhaby"
"1918","Isaac","Te Rina","HL","Isaac Te Rina"
"1919","Eric","Farmer","B_NL","Eric Farmer"
"1920","Philip","Mtambo","B_NL","Philip Mtambo"
"1921","Daniel","Lough","W_NL","Daniel Lough"
"1922","Cruz","Moir","HL","Cruz Moir"
"1923","Alex","Lucas","B_NL","Alex Lucas"
"1924","Scarlett","Fernandez","HL","Scarlett Fernandez"
"1925","Chloe","Coleman","B_NL","Chloe Coleman"
"1926","Jeremy","Irwin","W_NL","Jeremy Irwin"
"1927","Kacie","Borrowman","W_NL","Kacie Borrowman"
"1928","John","McLean","B_NL","John McLean"
"1929","Devereau","Chumrau","A","Devereau Chumrau"
"1930","Courtney","Rosemont","B_NL","Courtney Rosemont"
"1931","Kevin","Henderson","B_NL","Kevin Henderson"
"1932","Shawn","Driscoll","W_NL","Shawn Driscoll"
"1933","Tarikura","Kapea","B_NL","Tarikura Kapea"
"1934","Danny","Sapani","A","Danny Sapani"
"1935","DeWanda","Wise","B_NL","DeWanda Wise"
"1936","Mamoudou","Athie","B_NL","Mamoudou Athie"
"1937","Campbell","Scott","B_NL","Campbell Scott"
"1938","Scott","Haze","W_NL","Scott Haze"
"1939","Dichen","Lachman","A","Dichen Lachman"
"1940","Taraji","P. Henson","A","Taraji P. Henson"
"1941","RZA","","W_NL","RZA"
"1942","Jean-Claude","Van Damme","W_NL","Jean-Claude Van Damme"
"1943","Lucy","Lawless","W_NL","Lucy Lawless"
"1944","Dolph","Lundgren","W_NL","Dolph Lundgren"
"1945","Danny","Trejo","HL","Danny Trejo"
"1946","Russell","Brand","W_NL","Russell Brand"
"1947","Alan","Arkin","W_NL","Alan Arkin"
"1948","Will","Arnett","W_NL","Will Arnett"
"1949","Kevin","Michael Richardson","B_NL","Kevin Michael Richardson"
"1950","Jimmy","O. Yang","A","Jimmy O. Yang"
"1951","John","Turturro","W_NL","John Turturro"
"1952","Peter","Sarsgaard","W_NL","Peter Sarsgaard"
"1953","Barry","Keoghan","W_NL","Barry Keoghan"
"1954","Jayme","Lawson","B_NL","Jayme Lawson"
"1955","Gil","Perez-Abraham","A","Gil Perez-Abraham"
"1956","Peter","McDonald","W_NL","Peter McDonald"
"1957","Con","O’Neill","B_NL","Con O’Neill"
"1958","Alex","Ferns","HL","Alex Ferns"
"1959","Rupert","Penry-Jones","B_NL","Rupert Penry-Jones"
"1960","Archie","Barnes","B_NL","Archie Barnes"
"1961","Janine","Harouni","W_NL","Janine Harouni"
"1962","Hana","Harouni","W_NL","Hana Harouni"
"1963","Joseph","Walker","B_NL","Joseph Walker"
"1964","Luke","Roberts","W_NL","Luke Roberts"
"1965","Oscar","Novak","HL","Oscar Novak"
"1966","Stella","Stocker","W_NL","Stella Stocker"
"1967","Sandra","Dickinson","W_NL","Sandra Dickinson"
"1968","Jack","Bennett","W_NL","Jack Bennett"
"1969","Andre","Nightingale","B_NL","Andre Nightingale"
"1970","Richard","James Neale","B_NL","Richard James Neale"
"1971","Lorraine","Tai","A","Lorraine Tai"
"1972","James","Eeles","W_NL","James Eeles"
"1973","Angela","Yeoh","A","Angela Yeoh"
"1974","Leemore","Marrett Jr","B_NL","Leemore Marrett Jr"
"1975","Ezra","Elliott","B_NL","Ezra Elliott"
"1976","Itoya","Osagiede","B_NL","Itoya Osagiede"
"1977","Stewart","Alexander","W_NL","Stewart Alexander"
"1978","Adam","Rojko Vega","HL","Adam Rojko Vega"
"1979","Heider","Ali","W_NL","Heider Ali"
"1980","Marcus","Onilude","B_NL","Marcus Onilude"
"1981","Elena","Saurel","W_NL","Elena Saurel"
"1982","Ed","Kear","W_NL","Ed Kear"
"1983","Amanda","Blake","B_NL","Amanda Blake"
"1984","Todd","Boyce","W_NL","Todd Boyce"
"1985","Brandon","Bassir","W_NL","Brandon Bassir"
"1986","Will","Austin","B_NL","Will Austin"
"1987","Chabris","Napier-Lawrence","B_NL","Chabris Napier-Lawrence"
"1988","Douglas","Russell","W_NL","Douglas Russell"
"1989","Charlie","Carver","B_NL","Charlie Carver"
"1990","Max","Carver","W_NL","Max Carver"
"1991","Phil","Aizlewood","W_NL","Phil Aizlewood"
"1992","Mark","Killeen","W_NL","Mark Killeen"
"1993","Philip","Shaun McGuinness","W_NL","Philip Shaun McGuinness"
"1994","Lorna","Brown","B_NL","Lorna Brown"
"1995","Elliot","Warren","B_NL","Elliot Warren"
"1996","Jay","Lycurgo","A","Jay Lycurgo"
"1997","Stefan","Race","W_NL","Stefan Race"
"1998","Elijah","Baker","B_NL","Elijah Baker"
"1999","Craige","Middleburg","W_NL","Craige Middleburg"
"2000","Spike","Fearn","W_NL","Spike Fearn"
"2001","Urielle","Klein-Mekongo","B_NL","Urielle Klein-Mekongo"
"2002","Bronson","Webb","B_NL","Bronson Webb"
"2003","Madeleine","Gray","B_NL","Madeleine Gray"
"2004","Ste","Johnston","B_NL","Ste Johnston"
"2005","Arthur","Lee","A","Arthur Lee"
"2006","Parry","Glasspool","W_NL","Parry Glasspool"
"2007","Jordan","Coulson","W_NL","Jordan Coulson"
"2008","Hadas","Gold","W_NL","Hadas Gold"
"2009","Pat","Battle","B_NL","Pat Battle"
"2010","Bobby","Cuza","HL","Bobby Cuza"
"2011","Dean","Meminger","W_NL","Dean Meminger"
"2012","Roma","Torre","HL","Roma Torre"
"2013","Mike","Capozzola","HL","Mike Capozzola"
"2014","Amanda","Hurwitz","W_NL","Amanda Hurwitz"
"2015","Joshua","Eldridge-Smith","W_NL","Joshua Eldridge-Smith"
"2016","Daniel","Rainford","B_NL","Daniel Rainford"
"2017","Nathalie","Armin","W_NL","Nathalie Armin"
"2018","Jose","Palma","HL","Jose Palma"
"2019","Kazeem","Tosin Amore","W_NL","Kazeem Tosin Amore"
"2020","Olivia","Colman","B_NL","Olivia Colman"
"2021","Harvey","Guillen","HL","Harvey Guillen"
"2022","Wagner","Moura","HL","Wagner Moura"
"2023","Anthony","Mendez","HL","Anthony Mendez"
"2024","John","Mulaney","W_NL","John Mulaney"
"2025","Florence","Pugh","B_NL","Florence Pugh"
"2026","Da’Vine","Joy Randolph","B_NL","Da’Vine Joy Randolph"
"2027","Ray","Winstone","B_NL","Ray Winstone"
"2028","Chris","Miller","W_NL","Chris Miller"
